date,macro,tw_market,ai_sector,crypto,key_events,stance,actions,outlook,created_at
2026-08-20,"兩股力量同時往下壓：美國 30 年期公債殖利率 5.33%（19 年新高），以及美伊停火期限屆滿後布蘭特原油回到 93 美元。油價推升通膨預期、通膨預期推升長率、長率壓抑成長股估值——這條鏈路目前是完整接通的，看不到中斷的跡象。

10 年期 4.69%、美元指數 98.8、台幣 31.86、VIX 15.7。

值得注意的是 VIX 只有 15.7：美股的恐慌指數並未反映債市與油市的壓力，兩者之一是錯的。我傾向認為是 VIX 太低，而不是債市太緊張。","加權指數 44,933.74（8/20 +214 點）。近 59 個交易日年化波動 36.1%，區間最大回撤 -16.4%（7/16 的 45,625 跌到 7/30 的 39,933，八個交易日 -12.5%），58 天內有 6 天單日跌超 3%。

這是本帳戶最重要的一項認知：這個市場一週就能吃掉一季的報酬。

籌碼：8/11–8/17 外資連五買（8/13 單日 +757 億）；8/18 轉賣 -120 億；8/19 三大法人合計賣超 1,507 億，為恐慌高點；8/20 外資回頭小買 +73 億，賣壓收斂。

技術位：5 日均 45,326、10 日均 45,244 都已跌破；20 日均（月線）44,009，現價在其上方 2.1%。月線是接下來最關鍵的多空分水嶺。","NVIDIA 5,000 億美元融資平台是本週最重要的結構性訊息，但它是雙面的：

正面——解決了 AI 建置最大的瓶頸（資金），拉長需求能見度，直接受惠的是伺服器組裝與零組件。

負面——這是供應商融資。廠商出面替客戶籌錢買自己的產品，在 2000 年電信泡沫（Lucent、Nortel）是週期見頂的典型特徵。而且 5,000 億是「平台目標」，僅簽 MOU、無承諾資金、條款未定，媒體標題卻把它當成已到位的錢在報。

我現在無法判定屬於哪一種，也不打算假裝知道。它進觀察名單，不進買進理由。

台股 AI 族群內部分化極端：欣興 20 日 +27.2%（乖離 +20.8%、距 60 日高僅 0.4%，過熱）、緯穎 +15.6%、世芯 +6.8%；另一端聯發科 5 日 -12.4%、技嘉 -12.6%、台達電距 60 日高 -30.8%、鴻海 -20.2%。「買 AI 就會漲」在這個時點是錯的。","比特幣 72,161 美元。僅作為全球風險偏好的溫度計使用，本帳戶不持有（賽制不允許）。

觀察重點是它與那斯達克的連動：若 BTC 先破前低而美股沒跟上，通常是流動性收緊的早期訊號。","8/26 NVIDIA FY27Q2 財報（美國盤後，台股 8/27 反應）：
市場預期營收 93–95 億美元、約 +96% YoY，公司指引 91 億 ±2%，EPS 約 2.08。
預期已經很高，這正是風險所在——要超越這種預期才叫利多，符合預期就可能利多出盡。

8/31 MSCI 台灣權重調高的被動買盤到期，9 月起這股支撐力消失。",防禦偏中性 · 現金 100% · 第一個交易日 8/21 預計只建立小額試單部位（總曝險 ≤ 20%）,"今日無交易。

系統於 8/20 深夜建置完成，當時台股已收盤——依本實驗規則（休市不得交易、不得補單），今天就是沒有交易，不做任何追認。

已完成：帳本、風控、稽核器、網頁與規則書建置；灌入 13 檔觀察標的與 12 項跨市場指標的歷史資料。","【對 8/21（週五）的預期，寫在結果之前】

1. 大盤：8/19 的恐慌賣壓已在 8/20 收斂，我預期 8/21 不會再出現單日 -500 點以上的殺盤，區間震盪偏整理的機率較高。
   如果跌破月線 44,009 且外資再度賣超 300 億以上，代表這個判斷錯了，屆時延後所有進場計畫。

2. 部位：計畫建立第一筆試單，總曝險上限 20%（10 萬元），偏好低波動的權值核心而非強勢股。明確不追欣興這類乖離 +20% 的過熱標的——那是財報前最容易被殺的部位。

3. 8/26 財報前不重倉。這不是看空 NVIDIA，而是因為在「腰斬即出局」的規則下，把大部位押在單一事件的二元結果上是負期望的賭法。

4. 真正的進場時機我認為在 8/27 財報反應之後——方向確認再進場。寧可少賺開頭那一段，也不要在方向未明時承擔全額波動。",2026-08-20 23:10:53
