date,series,label,close,chg_pct
2026-05-27,NVDA,NVIDIA,212.35250854492188,
2026-05-27,^GSPC,標普500,7520.35986328125,
2026-05-27,^IXIC,那斯達克,26674.73046875,
2026-05-27,^SOX,費城半導體,12702.1904296875,
2026-05-27,^TNX,美債10年殖利率,4.480999946594238,
2026-05-28,NVDA,NVIDIA,214.00057983398438,0.7761016341909066
2026-05-28,^GSPC,標普500,7563.6298828125,0.5753716619668614
2026-05-28,^IXIC,那斯達克,26917.470703125,0.9100007014480438
2026-05-28,^SOX,費城半導體,12829.1396484375,0.9994277715542177
2026-05-28,^TNX,美債10年殖利率,4.454999923706055,-0.5802281454599156
2026-05-28,^TWII,台灣加權指數,43636.44140625,
2026-05-29,NVDA,NVIDIA,210.8942108154297,-1.4515703746992292
2026-05-29,TWD=X,美元兌台幣,31.423999786376953,
2026-05-29,^GSPC,標普500,7580.06005859375,0.21722606785117282
2026-05-29,^IXIC,那斯達克,26972.619140625,0.2048797158850313
2026-05-29,^SOX,費城半導體,12829.3798828125,0.0018725680878350914
2026-05-29,^TNX,美債10年殖利率,4.453000068664551,-0.04489012515718205
2026-05-29,^TWII,台灣加權指數,44732.94140625,2.512808021606805
2026-05-29,^VIX,VIX 恐慌指數,15.319999694824219,
2026-06-01,NVDA,NVIDIA,224.09881591796875,6.26124588791841
2026-06-01,TWD=X,美元兌台幣,31.412900924682617,-0.03531969758715503
2026-06-01,^GSPC,標普500,7599.9599609375,0.26252961308912415
2026-06-01,^IXIC,那斯達克,27086.810546875,0.4233604666074475
2026-06-01,^SOX,費城半導體,12965.650390625,1.0621753277027857
2026-06-01,^TNX,美債10年殖利率,4.474999904632568,0.494045264513443
2026-06-01,^TWII,台灣加權指數,45337.91015625,1.352401006913162
2026-06-01,^VIX,VIX 恐慌指數,16.049999237060547,4.765010161736205
2026-06-02,NVDA,NVIDIA,222.56060791015625,-0.6863972045151545
2026-06-02,TWD=X,美元兌台幣,31.33049964904785,-0.2623166699323165
2026-06-02,^GSPC,標普500,7609.77978515625,0.12920889411551784
2026-06-02,^IXIC,那斯達克,27093.900390625,0.026174524083333317
2026-06-02,^SOX,費城半導體,13726.26953125,5.866417169284288
2026-06-02,^TNX,美債10年殖利率,4.454999923706055,-0.44692695760304435
2026-06-02,^TWII,台灣加權指數,45557.30859375,0.48391828547871274
2026-06-02,^VIX,VIX 恐慌指數,15.770000457763672,-1.7445407639044563
2026-06-03,NVDA,NVIDIA,214.5,-3.6217585788632323
2026-06-03,TWD=X,美元兌台幣,31.478200912475586,0.47142964549633515
2026-06-03,^GSPC,標普500,7553.68017578125,-0.7372041104846239
2026-06-03,^IXIC,那斯達克,26853.98046875,-0.8855126741294739
2026-06-03,^SOX,費城半導體,13916.9599609375,1.3892371066542397
2026-06-03,^TNX,美債10年殖利率,4.491000175476074,0.808086473323022
2026-06-03,^TWII,台灣加權指數,46459.16015625,1.9795979840295574
2026-06-03,^VIX,VIX 恐慌指數,16.059999465942383,1.838928343441748
2026-06-04,NVDA,NVIDIA,218.66000366210938,1.9393956466710272
2026-06-04,TWD=X,美元兌台幣,31.50550079345703,0.08672630642823087
2026-06-04,^GSPC,標普500,7584.31005859375,0.4054961568363158
2026-06-04,^IXIC,那斯達克,26830.9609375,-0.08572111414465455
2026-06-04,^SOX,費城半導體,13617.5,-2.1517627540643347
2026-06-04,^TNX,美債10年殖利率,4.4770002365112305,-0.31173320903643553
2026-06-04,^TWII,台灣加權指數,45677.4609375,-1.682551333517468
2026-06-04,^VIX,VIX 恐慌指數,15.399999618530273,-4.109588227644323
2026-06-05,NVDA,NVIDIA,205.10000610351562,-6.2014073591381225
2026-06-05,TWD=X,美元兌台幣,31.503000259399414,-0.007936817364084803
2026-06-05,^GSPC,標普500,7383.740234375,-2.6445361894386843
2026-06-05,^IXIC,那斯達克,25709.4296875,-4.179989127532524
2026-06-05,^SOX,費城半導體,12220.759765625,-10.256950500275385
2026-06-05,^TNX,美債10年殖利率,4.535999774932861,1.317836392780869
2026-06-05,^TWII,台灣加權指數,45070.94140625,-1.3278310983176
2026-06-05,^VIX,VIX 恐慌指數,21.510000228881836,39.67532962143463
2026-06-08,NVDA,NVIDIA,208.63999938964844,1.7259839984335112
2026-06-08,TWD=X,美元兌台幣,31.58810043334961,0.2701335531519966
2026-06-08,^GSPC,標普500,7405.72998046875,0.29781310549599205
2026-06-08,^IXIC,那斯達克,25929.66015625,0.8566135905265782
2026-06-08,^SOX,費城半導體,12906.6904296875,5.612831585086142
2026-06-08,^TNX,美債10年殖利率,4.552000045776367,0.35273967454600985
2026-06-08,^TWII,台灣加權指數,43502.78125,-3.4793152912322878
2026-06-08,^VIX,VIX 恐慌指數,18.920000076293945,-12.040911785348351
2026-06-09,NVDA,NVIDIA,208.19000244140625,-0.21568105327770537
2026-06-09,TWD=X,美元兌台幣,31.582000732421875,-0.01931012262229581
2026-06-09,^GSPC,標普500,7386.64990234375,-0.25763939780845124
2026-06-09,^IXIC,那斯達克,25678.8203125,-0.9673857745857828
2026-06-09,^SOX,費城半導體,12657.8095703125,-1.9283088932119496
2026-06-09,^TNX,美債10年殖利率,4.5279998779296875,-0.5272444553015454
2026-06-09,^TWII,台灣加權指數,44704.44140625,2.7622605307562997
2026-06-09,^VIX,VIX 恐慌指數,19.8700008392334,5.021145661250648
2026-06-10,BZ=F,布蘭特原油,93.0999984741211,
2026-06-10,DX-Y.NYB,美元指數,99.94999694824219,
2026-06-10,GC=F,黃金,4108.2001953125,
2026-06-10,NVDA,NVIDIA,200.4199981689453,-3.7321697398258857
2026-06-10,TWD=X,美元兌台幣,31.5408992767334,-0.13014202626587812
2026-06-10,^GSPC,標普500,7266.990234375,-1.6199450298948426
2026-06-10,^IXIC,那斯達克,25169.5,-1.9834256648155746
2026-06-10,^SOX,費城半導體,12206.4599609375,-3.565779741493269
2026-06-10,^TNX,美債10年殖利率,4.541999816894531,0.3091859395377261
2026-06-10,^TWII,台灣加權指數,43225.5390625,-3.308177660269873
2026-06-10,^VIX,VIX 恐慌指數,22.219999313354492,11.826866506623457
2026-06-11,BZ=F,布蘭特原油,90.37999725341797,-2.921591047565053
2026-06-11,DX-Y.NYB,美元指數,99.86000061035156,-0.09004136131912643
2026-06-11,GC=F,黃金,4090.300048828125,-0.43571748292109413
2026-06-11,NVDA,NVIDIA,204.8699951171875,2.220335789291372
2026-06-11,TWD=X,美元兌台幣,31.649799346923828,0.3452662184263211
2026-06-11,^GSPC,標普500,7394.2998046875,1.7518885564244746
2026-06-11,^IXIC,那斯達克,25809.66015625,2.543396397425446
2026-06-11,^SOX,費城半導體,13171.4404296875,7.905489976930924
2026-06-11,^TNX,美債10年殖利率,4.4629998207092285,-1.739321870763899
2026-06-11,^TWII,台灣加權指數,43149.4609375,-0.17600272119220328
2026-06-11,^VIX,VIX 恐慌指數,19.440000534057617,-12.511246018023325
2026-06-12,BZ=F,布蘭特原油,87.33000183105469,-3.3746354448444427
2026-06-12,DX-Y.NYB,美元指數,99.75,-0.11015482643623731
2026-06-12,GC=F,黃金,4215.0,3.0486749060769203
2026-06-12,NVDA,NVIDIA,205.19000244140625,0.15620019126554308
2026-06-12,TWD=X,美元兌台幣,31.57900047302246,-0.22369454265829258
2026-06-12,^GSPC,標普500,7431.4599609375,0.5025513873057053
2026-06-12,^IXIC,那斯達克,25888.83984375,0.30678314639034365
2026-06-12,^SOX,費城半導體,13371.4697265625,1.5186592380902253
2026-06-12,^TNX,美債10年殖利率,4.486999988555908,0.5377586558555025
2026-06-12,^TWII,台灣加權指數,44169.0390625,2.3628988702241616
2026-06-12,^VIX,VIX 恐慌指數,17.68000030517578,-9.053498871043908
2026-06-15,BZ=F,布蘭特原油,83.16999816894531,-4.763544686689869
2026-06-15,DX-Y.NYB,美元指數,99.62999725341797,-0.12030350534539824
2026-06-15,GC=F,黃金,4328.0,2.6809015421115134
2026-06-15,NVDA,NVIDIA,212.4499969482422,3.5381814028240033
2026-06-15,TWD=X,美元兌台幣,31.613000869750977,0.10766774191464101
2026-06-15,^GSPC,標普500,7554.2900390625,1.6528391294663436
2026-06-15,^IXIC,那斯達克,26683.939453125,3.0712060261246066
2026-06-15,^SOX,費城半導體,14099.6201171875,5.445552400111442
2026-06-15,^TNX,美債10年殖利率,4.468999862670898,-0.4011617100717402
2026-06-15,^TWII,台灣加權指數,45396.98828125,2.7801130493521287
2026-06-15,^VIX,VIX 恐慌指數,16.200000762939453,-8.371037990327757
2026-06-16,BZ=F,布蘭特原油,78.95999908447266,-5.061920376529017
2026-06-16,DX-Y.NYB,美元指數,99.54000091552734,-0.09033056345641999
2026-06-16,GC=F,黃金,4330.89990234375,0.06700328890365537
2026-06-16,NVDA,NVIDIA,207.41000366210938,-2.3723197733726886
2026-06-16,TWD=X,美元兌台幣,31.518600463867188,-0.298612606480253
2026-06-16,^GSPC,標普500,7511.35009765625,-0.5684179609759754
2026-06-16,^IXIC,那斯達克,26376.33984375,-1.152751863776913
2026-06-16,^SOX,費城半導體,13294.2197265625,-5.712213406680466
2026-06-16,^TNX,美債10年殖利率,4.427999973297119,-0.9174287454391528
2026-06-16,^TWII,台灣加權指數,45809.19140625,0.9079966328300548
2026-06-16,^VIX,VIX 恐慌指數,16.40999984741211,1.2962905838441063
2026-06-17,BZ=F,布蘭特原油,79.55000305175781,0.7472188122165102
2026-06-17,DX-Y.NYB,美元指數,100.08999633789062,0.552537087909033
2026-06-17,GC=F,黃金,4358.89990234375,0.6465169048318842
2026-06-17,NVDA,NVIDIA,204.64999389648438,-1.3307023368657411
2026-06-17,TWD=X,美元兌台幣,31.563899993896484,0.143723164615861
2026-06-17,^GSPC,標普500,7420.10009765625,-1.2148282108228825
2026-06-17,^IXIC,那斯達克,26021.66015625,-1.3446887991323875
2026-06-17,^SOX,費城半導體,13477.0703125,1.3754142002945446
2026-06-17,^TNX,美債10年殖利率,4.4629998207092285,0.7904211297013131
2026-06-17,^TWII,台灣加權指數,45877.390625,0.14887671372583178
2026-06-17,^VIX,VIX 恐慌指數,18.440000534057617,12.370510088491216
2026-06-18,BZ=F,布蘭特原油,79.8499984741211,0.3771155384721947
2026-06-18,DX-Y.NYB,美元指數,100.8499984741211,0.7593187771381293
2026-06-18,GC=F,黃金,4224.10009765625,-3.0925189315546997
2026-06-18,NVDA,NVIDIA,210.69000244140625,2.9513846689763534
2026-06-18,TWD=X,美元兌台幣,31.638399124145508,0.2360263790704975
2026-06-18,^GSPC,標普500,7500.580078125,1.0846212235623431
2026-06-18,^IXIC,那斯達克,26517.9296875,1.9071401604282556
2026-06-18,^SOX,費城半導體,14341.7802734375,6.41615678249805
2026-06-18,^TNX,美債10年殖利率,4.451000213623047,-0.2688686436979282
2026-06-18,^TWII,台灣加權指數,46465.19921875,1.2812598662263142
2026-06-18,^VIX,VIX 恐慌指數,16.399999618530273,-11.062911369007722
2026-06-19,TWD=X,美元兌台幣,31.635900497436523,-0.007897449865212902
2026-06-22,BTC-USD,比特幣,63952.10546875,
2026-06-22,BZ=F,布蘭特原油,77.9000015258789,-2.442075122736753
2026-06-22,DX-Y.NYB,美元指數,101.0199966430664,0.16856536590721394
2026-06-22,GC=F,黃金,4181.89990234375,-0.9990339797088299
2026-06-22,NVDA,NVIDIA,208.64999389648438,-0.968251232276296
2026-06-22,TWD=X,美元兌台幣,31.70199966430664,0.2089372068782236
2026-06-22,^GSPC,標普500,7472.7900390625,-0.3705051979052687
2026-06-22,^IXIC,那斯達克,26166.599609375,-1.324877478239217
2026-06-22,^SOX,費城半導體,14634.7197265625,2.0425599021870022
2026-06-22,^TNX,美債10年殖利率,4.508999824523926,1.3030691556329632
2026-06-22,^TWII,台灣加權指數,47741.51171875,2.746813790663727
2026-06-22,^VIX,VIX 恐慌指數,17.280000686645508,5.36586029624615
2026-06-23,BTC-USD,比特幣,62668.01953125,-2.007886883610832
2026-06-23,BZ=F,布蘭特原油,77.08000183105469,-1.052631166575535
2026-06-23,DX-Y.NYB,美元指數,101.41000366210938,0.38606912690859474
2026-06-23,GC=F,黃金,4129.89990234375,-1.2434539614603501
2026-06-23,NVDA,NVIDIA,200.0399932861328,-4.126528091164561
2026-06-23,TWD=X,美元兌台幣,31.687000274658203,-0.04731370199756446
2026-06-23,^GSPC,標普500,7365.4599609375,-1.4362785193208105
2026-06-23,^IXIC,那斯達克,25587.0390625,-2.2148867469480193
2026-06-23,^SOX,費城半導體,13482.509765625,-7.873126253632323
2026-06-23,^TNX,美債10年殖利率,4.493000030517578,-0.354841309137488
2026-06-23,^TWII,台灣加權指數,47100.6484375,-1.3423606797903442
2026-06-23,^VIX,VIX 恐慌指數,19.489999771118164,12.789346045458249
2026-06-24,BTC-USD,比特幣,60995.1328125,-2.6694424544815853
2026-06-24,BZ=F,布蘭特原油,73.73999786376953,-4.333165396915584
2026-06-24,DX-Y.NYB,美元指數,101.61000061035156,0.19721619270280932
2026-06-24,GC=F,黃金,3990.300048828125,-3.3802236571496835
2026-06-24,NVDA,NVIDIA,199.0,-0.519892681982459
2026-06-24,TWD=X,美元兌台幣,31.70210075378418,0.0476551235367495
2026-06-24,^GSPC,標普500,7358.22021484375,-0.09829319733113406
2026-06-24,^IXIC,那斯達克,25476.640625,-0.4314623400946682
2026-06-24,^SOX,費城半導體,13458.2001953125,-0.18030448881616312
2026-06-24,^TNX,美債10年殖利率,4.4019999504089355,-2.025374571345362
2026-06-24,^TWII,台灣加權指數,46043.6015625,-2.244229984227597
2026-06-24,^VIX,VIX 恐慌指數,18.6299991607666,-4.412522424068877
2026-06-25,BTC-USD,比特幣,59721.67578125,-2.087801063020267
2026-06-25,BZ=F,布蘭特原油,75.26000213623047,2.0613023006442965
2026-06-25,DX-Y.NYB,美元指數,101.43000030517578,-0.17714821778817003
2026-06-25,GC=F,黃金,4030.5,1.0074418133964924
2026-06-25,NVDA,NVIDIA,195.74000549316406,-1.6381881943899224
2026-06-25,TWD=X,美元兌台幣,31.808000564575195,0.3340466665395114
2026-06-25,^GSPC,標普500,7357.490234375,-0.00992061187945481
2026-06-25,^IXIC,那斯達克,25358.599609375,-0.46333037923833587
2026-06-25,^SOX,費城半導體,13940.8701171875,3.5864373755051915
2026-06-25,^TNX,美債10年殖利率,4.392000198364258,-0.22716383819469943
2026-06-25,^TWII,台灣加權指數,46255.26171875,0.45969504788345716
2026-06-25,^VIX,VIX 恐慌指數,18.889999389648438,1.3955997884818938
2026-06-26,BTC-USD,比特幣,60016.4296875,0.4935459402204856
2026-06-26,BZ=F,布蘭特原油,71.98999786376953,-4.344943103432019
2026-06-26,DX-Y.NYB,美元指數,101.36000061035156,-0.06901281141044047
2026-06-26,GC=F,黃金,4078.699951171875,1.1958801928265705
2026-06-26,NVDA,NVIDIA,192.52999877929688,-1.6399339040476746
2026-06-26,TWD=X,美元兌台幣,31.860000610351562,0.16348102632479655
2026-06-26,^GSPC,標普500,7354.02001953125,-0.04716574175711585
2026-06-26,^IXIC,那斯達克,25297.619140625,-0.24047254063451762
2026-06-26,^SOX,費城半導體,13203.5703125,-5.288764607156715
2026-06-26,^TNX,美債10年殖利率,4.372000217437744,-0.45537295134827627
2026-06-26,^TWII,台灣加權指數,44571.76171875,-3.6395859356203264
2026-06-26,^VIX,VIX 恐慌指數,18.40999984741211,-2.5410246572022843
2026-06-27,BTC-USD,比特幣,59940.09765625,-0.12718522519159503
2026-06-28,BTC-USD,比特幣,59532.33984375,-0.6802755224698642
2026-06-29,BTC-USD,比特幣,60138.37890625,1.0179997360940662
2026-06-29,BZ=F,布蘭特原油,73.1500015258789,1.6113400424104807
2026-06-29,DX-Y.NYB,美元指數,101.11000061035156,-0.2466456180885923
2026-06-29,GC=F,黃金,4022.300048828125,-1.382791159412089
2026-06-29,NVDA,NVIDIA,194.97000122070312,1.2673362368860186
2026-06-29,TWD=X,美元兌台幣,31.847000122070312,-0.04080504718203537
2026-06-29,^GSPC,標普500,7440.43017578125,1.1750057250389023
2026-06-29,^IXIC,那斯達克,25820.140625,2.065496683582735
2026-06-29,^SOX,費城半導體,13709.66015625,3.832977230945467
2026-06-29,^TNX,美債10年殖利率,4.374000072479248,0.04574233627727686
2026-06-29,^TWII,台灣加權指數,44999.8984375,0.9605559714053191
2026-06-29,^VIX,VIX 恐慌指數,17.649999618530273,-4.128192477897652
2026-06-30,BTC-USD,比特幣,58558.859375,-2.6264750729518727
2026-06-30,BZ=F,布蘭特原油,72.91999816894531,-0.31442700223625053
2026-06-30,DX-Y.NYB,美元指數,101.19000244140625,0.07912355906611879
2026-06-30,GC=F,黃金,4022.89990234375,0.014913196637333925
2026-06-30,NVDA,NVIDIA,200.08999633789062,2.6260425117358155
2026-06-30,TWD=X,美元兌台幣,31.86590003967285,0.05934599029766563
2026-06-30,^GSPC,標普500,7499.35986328125,0.7920198981480553
2026-06-30,^IXIC,那斯達克,26213.720703125,1.5243142314411706
2026-06-30,^SOX,費城半導體,14246.9599609375,3.9191329220699567
2026-06-30,^TNX,美債10年殖利率,4.418000221252441,1.0059476004593115
2026-06-30,^TWII,台灣加權指數,46125.91015625,2.50225391133696
2026-06-30,^VIX,VIX 恐慌指數,16.450000762939453,-6.798860518563254
2026-07-01,BTC-USD,比特幣,60003.7578125,2.46742927188377
2026-07-01,BZ=F,布蘭特原油,71.56999969482422,-1.8513418925125813
2026-07-01,DX-Y.NYB,美元指數,101.38999938964844,0.197644968294175
2026-07-01,GC=F,黃金,4068.300048828125,1.1285427822333993
2026-07-01,NVDA,NVIDIA,197.5800018310547,-1.2544327816355838
2026-07-01,TWD=X,美元兌台幣,31.834400177001953,-0.09885131953493165
2026-07-01,^GSPC,標普500,7483.22998046875,-0.21508346187620875
2026-07-01,^IXIC,那斯達克,26040.029296875,-0.6625973024473875
2026-07-01,^SOX,費城半導體,13353.2802734375,-6.272774612621235
2026-07-01,^TNX,美債10年殖利率,4.474999904632568,1.2901693192755914
2026-07-01,^TWII,台灣加權指數,47018.98828125,1.9361745317864276
2026-07-01,^VIX,VIX 恐慌指數,16.59000015258789,0.8510600799718215
2026-07-02,BTC-USD,比特幣,61485.30078125,2.4690836420271145
2026-07-02,BZ=F,布蘭特原油,71.80000305175781,0.3213683916645671
2026-07-02,DX-Y.NYB,美元指數,100.86000061035156,-0.5227327966144446
2026-07-02,GC=F,黃金,4112.7001953125,1.0913685311181531
2026-07-02,NVDA,NVIDIA,194.8300018310547,-1.3918412665829716
2026-07-02,TWD=X,美元兌台幣,31.894800186157227,0.1897318900919931
2026-07-02,^GSPC,標普500,7483.240234375,0.00013702513856905796
2026-07-02,^IXIC,那斯達克,25832.669921875,-0.7963100679955204
2026-07-02,^SOX,費城半導體,12626.2197265625,-5.444808556301162
2026-07-02,^TNX,美債10年殖利率,4.485000133514404,0.22346880659112056
2026-07-02,^TWII,台灣加權指數,46744.16015625,-0.5845045481542077
2026-07-02,^VIX,VIX 恐慌指數,16.149999618530273,-2.6522033153145053
2026-07-03,BTC-USD,比特幣,62544.19921875,1.7221977026140145
2026-07-03,TWD=X,美元兌台幣,31.93090057373047,0.11318580885453233
2026-07-03,^TWII,台灣加權指數,46780.62109375,0.07800105377469002
2026-07-04,BTC-USD,比特幣,63088.3046875,0.8699535297381988
2026-07-05,BTC-USD,比特幣,63547.8828125,0.728468021571449
2026-07-06,BTC-USD,比特幣,63995.015625,0.7036155930155497
2026-07-06,BZ=F,布蘭特原油,71.98999786376953,0.26461671857418434
2026-07-06,DX-Y.NYB,美元指數,100.8499984741211,-0.009916851249203162
2026-07-06,GC=F,黃金,4155.10009765625,1.0309504785220192
2026-07-06,NVDA,NVIDIA,195.5500030517578,0.36955356666652506
2026-07-06,TWD=X,美元兌台幣,31.92799949645996,-0.009085485277215977
2026-07-06,^GSPC,標普500,7537.43017578125,0.724150765029874
2026-07-06,^IXIC,那斯達克,26121.16015625,1.116765070151371
2026-07-06,^SOX,費城半導體,12900.1396484375,2.1694531523060556
2026-07-06,^TNX,美債10年殖利率,4.479000091552734,-0.13378019583175638
2026-07-06,^TWII,台灣加權指數,46556.390625,-0.4793234110779254
2026-07-06,^VIX,VIX 恐慌指數,15.569999694824219,-3.5913308817702494
2026-07-07,BTC-USD,比特幣,63297.39453125,-1.0901178582999993
2026-07-07,BZ=F,布蘭特原油,74.16000366210938,3.0143156865294785
2026-07-07,DX-Y.NYB,美元指數,101.13999938964844,0.2875566880665481
2026-07-07,GC=F,黃金,4145.2998046875,-0.2358617780177652
2026-07-07,NVDA,NVIDIA,196.92999267578125,0.7056965494693257
2026-07-07,TWD=X,美元兌台幣,32.054901123046875,0.3974618785651973
2026-07-07,^GSPC,標普500,7503.85009765625,-0.44551096782159405
2026-07-07,^IXIC,那斯達克,25818.689453125,-1.1579527912071952
2026-07-07,^SOX,費城半導體,12300.51953125,-4.648167644139633
2026-07-07,^TNX,美債10年殖利率,4.5289998054504395,1.1163141968226986
2026-07-07,^TWII,台灣加權指數,45479.109375,-2.31392776703252
2026-07-07,^VIX,VIX 恐慌指數,16.1299991607666,3.5966568845119395
2026-07-08,BTC-USD,比特幣,62257.57421875,-1.642753734494773
2026-07-08,BZ=F,布蘭特原油,78.0199966430664,5.204952522041495
2026-07-08,DX-Y.NYB,美元指數,101.05000305175781,-0.08898194426906203
2026-07-08,GC=F,黃金,4070.89990234375,-1.7948014823829794
2026-07-08,NVDA,NVIDIA,204.1199951171875,3.651044893523969
2026-07-08,TWD=X,美元兌台幣,32.13589859008789,0.25268356539331904
2026-07-08,^GSPC,標普500,7482.7099609375,-0.2817238676629863
2026-07-08,^IXIC,那斯達克,25870.650390625,0.20125319526513863
2026-07-08,^SOX,費城半導體,12574.9697265625,2.231208158446041
2026-07-08,^TNX,美債10年殖利率,4.568999767303467,0.8831963694255318
2026-07-08,^TWII,台灣加權指數,45734.41015625,0.5613583571852931
2026-07-08,^VIX,VIX 恐慌指數,16.899999618530273,4.77371666352322
2026-07-09,BTC-USD,比特幣,63193.1484375,1.5027476262771566
2026-07-09,BZ=F,布蘭特原油,76.30000305175781,-2.204554813270998
2026-07-09,DX-Y.NYB,美元指數,100.94000244140625,-0.10885760220632479
2026-07-09,GC=F,黃金,4130.60009765625,1.466511010946947
2026-07-09,NVDA,NVIDIA,202.77999877929688,-0.6564748040099211
2026-07-09,TWD=X,美元兌台幣,32.10919952392578,-0.08308174762022835
2026-07-09,^GSPC,標普500,7543.64013671875,0.8142795337428232
2026-07-09,^IXIC,那斯達克,26206.890625,1.2996976469398902
2026-07-09,^SOX,費城半導體,12960.0,3.0618783329886545
2026-07-09,^TNX,美債10年殖利率,4.539000034332275,-0.6565930072020221
2026-07-09,^TWII,台灣加權指數,45354.609375,-0.8304486270893752
2026-07-09,^VIX,VIX 恐慌指數,15.84000015258789,-6.272186330585061
2026-07-10,BTC-USD,比特幣,64127.140625,1.4779959704393386
2026-07-10,BZ=F,布蘭特原油,76.01000213623047,-0.38007982166216037
2026-07-10,DX-Y.NYB,美元指數,100.97000122070312,0.029719416060336457
2026-07-10,GC=F,黃金,4104.10009765625,-0.6415532700693172
2026-07-10,NVDA,NVIDIA,210.9600067138672,4.033932332484791
2026-07-10,TWD=X,美元兌台幣,32.097198486328125,-0.03737569847767075
2026-07-10,^GSPC,標普500,7575.39013671875,0.42088433998139774
2026-07-10,^IXIC,那斯達克,26281.609375,0.285111084215095
2026-07-10,^SOX,費城半導體,12967.16015625,0.05524811921295836
2026-07-10,^TNX,美債10年殖利率,4.568999767303467,0.6609326447296393
2026-07-10,^VIX,VIX 恐慌指數,15.029999732971191,-5.113638963471622
2026-07-11,BTC-USD,比特幣,63802.02734375,-0.5069823448876076
2026-07-12,BTC-USD,比特幣,63758.21875,-0.06866332556169086
2026-07-13,BTC-USD,比特幣,62239.12109375,-2.3825911169295333
2026-07-13,BZ=F,布蘭特原油,83.30000305175781,9.59084424502672
2026-07-13,DX-Y.NYB,美元指數,101.27999877929688,0.30701946602551544
2026-07-13,GC=F,黃金,3997.0,-2.6095878538004547
2026-07-13,NVDA,NVIDIA,203.52999877929688,-3.521998340020871
2026-07-13,TWD=X,美元兌台幣,32.099098205566406,0.005918645015356994
2026-07-13,^GSPC,標普500,7515.33984375,-0.7927023147980106
2026-07-13,^IXIC,那斯達克,25873.1796875,-1.554051282295188
2026-07-13,^SOX,費城半導體,12347.7802734375,-4.776526821209703
2026-07-13,^TNX,美債10年殖利率,4.609000205993652,0.8754747368655114
2026-07-13,^TWII,台灣加權指數,45380.51953125,0.057127944892587657
2026-07-13,^VIX,VIX 恐慌指數,17.15999984741211,14.171657699822537
2026-07-14,BTC-USD,比特幣,64956.11328125,4.365408989962161
2026-07-14,BZ=F,布蘭特原油,84.7300033569336,1.716686978135229
2026-07-14,DX-Y.NYB,美元指數,100.94000244140625,-0.3356993897990934
2026-07-14,GC=F,黃金,4061.10009765625,1.603705220321494
2026-07-14,NVDA,NVIDIA,211.8000030517578,4.063285177645359
2026-07-14,TWD=X,美元兌台幣,32.1619987487793,0.19595735310091733
2026-07-14,^GSPC,標普500,7543.58984375,0.37589783811964317
2026-07-14,^IXIC,那斯達克,26107.009765625,0.9037547025500192
2026-07-14,^SOX,費城半導體,12661.9296875,2.544177229475797
2026-07-14,^TNX,美債10年殖利率,4.585000038146973,-0.5207239482321824
2026-07-14,^TWII,台灣加權指數,44737.94921875,-1.4159606790255297
2026-07-14,^VIX,VIX 恐慌指數,16.5,-3.846152991147278
2026-07-15,BTC-USD,比特幣,64712.375,-0.37523532264722714
2026-07-15,BZ=F,布蘭特原油,84.94999694824219,0.2596407206333362
2026-07-15,DX-Y.NYB,美元指數,100.5,-0.4359049244739843
2026-07-15,GC=F,黃金,4044.0,-0.42107057804654513
2026-07-15,NVDA,NVIDIA,212.5,0.33049902651376417
2026-07-15,TWD=X,美元兌台幣,32.1338996887207,-0.08736726929839955
2026-07-15,^GSPC,標普500,7572.39990234375,0.3819144358387927
2026-07-15,^IXIC,那斯達克,26269.23046875,0.6213683780001311
2026-07-15,^SOX,費城半導體,12398.8896484375,-2.077408780133849
2026-07-15,^TNX,美債10年殖利率,4.545000076293945,-0.8724091934619316
2026-07-15,^TWII,台灣加權指數,45631.58984375,1.9975001997308173
2026-07-15,^VIX,VIX 恐慌指數,15.670000076293945,-5.030302567915479
2026-07-16,BTC-USD,比特幣,63789.28125,-1.4264562998962727
2026-07-16,BZ=F,布蘭特原油,84.2300033569336,-0.8475498730709408
2026-07-16,DX-Y.NYB,美元指數,100.7300033569336,0.22885906162546377
2026-07-16,GC=F,黃金,3985.60009765625,-1.444112323040303
2026-07-16,NVDA,NVIDIA,207.39999389648438,-2.400002872242646
2026-07-16,TWD=X,美元兌台幣,32.210899353027344,0.23962128796235493
2026-07-16,^GSPC,標普500,7533.77001953125,-0.5101405539945647
2026-07-16,^IXIC,那斯達克,25881.94921875,-1.4742771032471347
2026-07-16,^SOX,費城半導體,11867.5,-4.28578415894253
2026-07-16,^TNX,美債10年殖利率,4.568999767303467,0.5280459979461805
2026-07-16,^TWII,台灣加權指數,45624.98046875,-0.014484209344078902
2026-07-16,^VIX,VIX 恐慌指數,16.729999542236328,6.7645147465313915
2026-07-17,BTC-USD,比特幣,63899.4609375,0.17272445360874134
2026-07-17,BZ=F,布蘭特原油,88.0999984741211,4.594556527307714
2026-07-17,DX-Y.NYB,美元指數,100.75,0.019851724808894744
2026-07-17,GC=F,黃金,4012.699951171875,0.6799441201228662
2026-07-17,NVDA,NVIDIA,202.80999755859375,-2.2131130535045007
2026-07-17,TWD=X,美元兌台幣,32.26430130004883,0.16578843836740909
2026-07-17,^GSPC,標普500,7457.68994140625,-1.0098540030789804
2026-07-17,^IXIC,那斯達克,25520.240234375,-1.3975337843293634
2026-07-17,^SOX,費城半導體,11673.8896484375,-1.6314333394775615
2026-07-17,^TNX,美債10年殖利率,4.540999889373779,-0.6128229230839444
2026-07-17,^TWII,台灣加權指數,42671.26953125,-6.473889757658291
2026-07-17,^VIX,VIX 恐慌指數,18.770000457763672,12.193669882519643
2026-07-18,BTC-USD,比特幣,64796.6015625,1.403987783054217
2026-07-19,BTC-USD,比特幣,64690.8046875,-0.16327534538667088
2026-07-20,BTC-USD,比特幣,65230.02734375,0.8335383349377112
2026-07-20,BZ=F,布蘭特原油,89.22000122070312,1.2712857729628935
2026-07-20,DX-Y.NYB,美元指數,100.98999786376953,0.23821127917571516
2026-07-20,GC=F,黃金,4010.300048828125,-0.05980766997166764
2026-07-20,NVDA,NVIDIA,203.27999877929688,0.23174460152899368
2026-07-20,TWD=X,美元兌台幣,32.3129997253418,0.15093593640875813
2026-07-20,^GSPC,標普500,7443.27978515625,-0.19322546744660052
2026-07-20,^IXIC,那斯達克,25508.0703125,-0.04768733273368131
2026-07-20,^SOX,費城半導體,11743.849609375,0.5992857825828812
2026-07-20,^TNX,美債10年殖利率,4.5980000495910645,1.2552336843405065
2026-07-20,^TWII,台灣加權指數,42449.69921875,-0.5192494034838457
2026-07-20,^VIX,VIX 恐慌指數,18.649999618530273,-0.6393225162856231
2026-07-21,BTC-USD,比特幣,66505.125,1.9547709976119876
2026-07-21,BZ=F,布蘭特原油,91.01000213623047,2.0062776182881104
2026-07-21,DX-Y.NYB,美元指數,101.18000030517578,0.1881398608033935
2026-07-21,GC=F,黃金,4071.10009765625,1.5160972517727744
2026-07-21,NVDA,NVIDIA,207.2899932861328,1.9726458731385677
2026-07-21,TWD=X,美元兌台幣,32.275901794433594,-0.11480806865203919
2026-07-21,^GSPC,標普500,7509.2001953125,0.8856366018608064
2026-07-21,^IXIC,那斯達克,25837.2109375,1.2903391788076979
2026-07-21,^SOX,費城半導體,12356.16015625,5.21388273216814
2026-07-21,^TNX,美債10年殖利率,4.627999782562256,0.6524517757206194
2026-07-21,^TWII,台灣加權指數,44232.87109375,4.200670223388481
2026-07-21,^VIX,VIX 恐慌指數,17.049999237060547,-8.579090692741875
2026-07-22,BTC-USD,比特幣,66100.796875,-0.6079653635716054
2026-07-22,BZ=F,布蘭特原油,94.06999969482422,3.362265121160335
2026-07-22,DX-Y.NYB,美元指數,101.13999938964844,-0.039534409376051904
2026-07-22,GC=F,黃金,4146.89990234375,1.861899802737299
2026-07-22,NVDA,NVIDIA,212.05999755859375,2.301126164771805
2026-07-22,TWD=X,美元兌台幣,32.325401306152344,0.15336368301654968
2026-07-22,^GSPC,標普500,7498.9599609375,-0.13636917526039793
2026-07-22,^IXIC,那斯達克,25690.900390625,-0.5662784084122907
2026-07-22,^SOX,費城半導體,12410.669921875,0.4411545733925104
2026-07-22,^TNX,美債10年殖利率,4.6570000648498535,0.6266266994408021
2026-07-22,^TWII,台灣加權指數,44825.78125,1.3404288294859956
2026-07-22,^VIX,VIX 恐慌指數,16.639999389648438,-2.4046912947709553
2026-07-23,BTC-USD,比特幣,65044.8125,-1.597536527429344
2026-07-23,BZ=F,布蘭特原油,100.69000244140625,7.037315582075276
2026-07-23,DX-Y.NYB,美元指數,101.43000030517578,0.28673217053334366
2026-07-23,GC=F,黃金,4046.60009765625,-2.418669537473339
2026-07-23,NVDA,NVIDIA,208.75999450683594,-1.556164807012217
2026-07-23,TWD=X,美元兌台幣,32.37910079956055,0.16612166048495247
2026-07-23,^GSPC,標普500,7408.2998046875,-1.2089697334330851
2026-07-23,^IXIC,那斯達克,25137.689453125,-2.153334173145116
2026-07-23,^SOX,費城半導體,12343.83984375,-0.5384888853357195
2026-07-23,^TNX,美債10年殖利率,4.703000068664551,0.9877604289056485
2026-07-23,^TWII,台灣加權指數,44850.80859375,0.055832476427841726
2026-07-23,^VIX,VIX 恐慌指數,18.700000762939453,12.379816399347465
2026-07-24,BTC-USD,比特幣,64098.49609375,-1.454868374399576
2026-07-24,BZ=F,布蘭特原油,96.77999877929688,-3.8832094222906566
2026-07-24,DX-Y.NYB,美元指數,101.47000122070312,0.039436966782013805
2026-07-24,GC=F,黃金,4067.60009765625,0.5189541712353307
2026-07-24,NVDA,NVIDIA,206.83999633789062,-0.9197155678610791
2026-07-24,TWD=X,美元兌台幣,32.29899978637695,-0.2473849217723867
2026-07-24,^GSPC,標普500,7411.97998046875,0.04967638835191579
2026-07-24,^IXIC,那斯達克,24975.8203125,-0.6439300673470538
2026-07-24,^SOX,費城半導體,11818.8798828125,-4.2528092358821485
2026-07-24,^TNX,美債10年殖利率,4.678999900817871,-0.5103161279241597
2026-07-24,^TWII,台灣加權指數,43654.83984375,-2.6665489151664
2026-07-24,^VIX,VIX 恐慌指數,18.579999923706055,-0.6417156916443623
2026-07-25,BTC-USD,比特幣,64311.8125,0.3327947132145015
2026-07-26,BTC-USD,比特幣,65340.30078125,1.59922142024842
2026-07-27,BTC-USD,比特幣,63724.8984375,-2.4722909512739144
2026-07-27,BZ=F,布蘭特原油,88.36000061035156,-8.700142875747297
2026-07-27,DX-Y.NYB,美元指數,101.51000213623047,0.039421420169638566
2026-07-27,GC=F,黃金,4074.5,0.16963079403320425
2026-07-27,NVDA,NVIDIA,196.50999450683594,-4.994199387907427
2026-07-27,TWD=X,美元兌台幣,32.32229995727539,0.0721389858897803
2026-07-27,^GSPC,標普500,7413.18017578125,0.01619264104413265
2026-07-27,^IXIC,那斯達克,24932.080078125,-0.17513032135768603
2026-07-27,^SOX,費城半導體,11554.8798828125,-2.2337142150325007
2026-07-27,^TNX,美債10年殖利率,4.640999794006348,-0.8121416460145969
2026-07-27,^TWII,台灣加權指數,43634.19140625,-0.047299308791204364
2026-07-27,^VIX,VIX 恐慌指數,18.670000076293945,0.4843926423974798
2026-07-28,BTC-USD,比特幣,63871.36328125,0.22983927372384194
2026-07-28,BZ=F,布蘭特原油,84.08999633789062,-4.832508197109153
2026-07-28,DX-Y.NYB,美元指數,101.37999725341797,-0.128071007857955
2026-07-28,GC=F,黃金,4036.300048828125,-0.937537149880352
2026-07-28,NVDA,NVIDIA,197.00999450683594,0.2544399847217882
2026-07-28,TWD=X,美元兌台幣,32.301998138427734,-0.06281056383515837
2026-07-28,^GSPC,標普500,7428.77978515625,0.21043073289872538
2026-07-28,^IXIC,那斯達克,24876.91015625,-0.2212808626561591
2026-07-28,^SOX,費城半導體,11035.6796875,-4.493341346497193
2026-07-28,^TNX,美債10年殖利率,4.604000091552734,-0.7972355978424495
2026-07-28,^TWII,台灣加權指數,41603.359375,-4.65422176004644
2026-07-28,^VIX,VIX 恐慌指數,18.209999084472656,-2.463851044143117
2026-07-29,BTC-USD,比特幣,63908.16796875,0.05762314378343625
2026-07-29,BZ=F,布蘭特原油,90.73999786376953,7.90819576107229
2026-07-29,DX-Y.NYB,美元指數,100.80000305175781,-0.5720992477543207
2026-07-29,GC=F,黃金,4034.699951171875,-0.039642683568941184
2026-07-29,NVDA,NVIDIA,190.00999450683594,-3.553119230079016
2026-07-29,TWD=X,美元兌台幣,32.363800048828125,0.1913253481581556
2026-07-29,^GSPC,標普500,7316.14990234375,-1.516128975010811
2026-07-29,^IXIC,那斯達克,24442.939453125,-1.7444718833619755
2026-07-29,^SOX,費城半導體,10447.490234375,-5.329888776957126
2026-07-29,^TNX,美債10年殖利率,4.622000217437744,0.39096710527950496
2026-07-29,^TWII,台灣加權指數,40039.1796875,-3.759743710600294
2026-07-29,^VIX,VIX 恐慌指數,20.65999984741211,13.454150939680854
2026-07-30,BTC-USD,比特幣,64725.30859375,1.2786168825862365
2026-07-30,BZ=F,布蘭特原油,89.02999877929688,-1.8845042150429925
2026-07-30,DX-Y.NYB,美元指數,100.01000213623047,-0.783731043263658
2026-07-30,GC=F,黃金,4100.10009765625,1.6209420099598582
2026-07-30,NVDA,NVIDIA,195.0399932861328,2.6472285272951313
2026-07-30,TWD=X,美元兌台幣,32.348899841308594,-0.04603973420009844
2026-07-30,^GSPC,標普500,7437.6298828125,1.6604359135647728
2026-07-30,^IXIC,那斯達克,25122.1796875,2.778881139388334
2026-07-30,^SOX,費城半導體,11302.990234375,8.188569511031263
2026-07-30,^TNX,美債10年殖利率,4.663000106811523,0.8870594427732081
2026-07-30,^TWII,台灣加權指數,39933.30078125,-0.26443825042463676
2026-07-30,^VIX,VIX 恐慌指數,17.09000015258789,-17.27976631747846
2026-07-31,BTC-USD,比特幣,62813.74609375,-2.953346289931147
2026-07-31,BZ=F,布蘭特原油,90.12000274658203,1.224310886476876
2026-07-31,DX-Y.NYB,美元指數,99.80000305175781,-0.20997808217881886
2026-07-31,GC=F,黃金,4049.10009765625,-1.2438720710539086
2026-07-31,NVDA,NVIDIA,200.75,2.9276081370092744
2026-07-31,TWD=X,美元兌台幣,32.39500045776367,0.14251061606802562
2026-07-31,^GSPC,標普500,7489.72021484375,0.700361981598796
2026-07-31,^IXIC,那斯達克,25373.849609375,1.0017837823213416
2026-07-31,^SOX,費城半導體,11311.080078125,0.071572597890035
2026-07-31,^TNX,美債10年殖利率,4.744999885559082,1.758519769874689
2026-07-31,^TWII,台灣加權指數,43119.75,7.979428588197601
2026-07-31,^VIX,VIX 恐慌指數,15.989999771118164,-6.436514755110501
2026-08-01,BTC-USD,比特幣,62763.3203125,-0.08027825816142586
2026-08-02,BTC-USD,比特幣,63482.0,1.1450632055819865
2026-08-03,BTC-USD,比特幣,63460.8984375,-0.03324022951387562
2026-08-03,BZ=F,布蘭特原油,83.7699966430664,-7.046167232564205
2026-08-03,DX-Y.NYB,美元指數,99.95999908447266,0.16031666114466603
2026-08-03,GC=F,黃金,4033.699951171875,-0.38033504020532627
2026-08-03,NVDA,NVIDIA,206.63999938964844,2.9339972053043173
2026-08-03,TWD=X,美元兌台幣,32.29309844970703,-0.3145609094511337
2026-08-03,^GSPC,標普500,7600.5,1.479091100582064
2026-08-03,^IXIC,那斯達克,25913.900390625,2.128375432045071
2026-08-03,^SOX,費城半導體,11430.349609375,1.054448650581663
2026-08-03,^TNX,美債10年殖利率,4.685999870300293,-1.2434144716915507
2026-08-03,^TWII,台灣加權指數,43386.41015625,0.6184176769345795
2026-08-03,^VIX,VIX 恐慌指數,15.859999656677246,-0.8130088574218153
2026-08-04,BTC-USD,比特幣,64055.953125,0.9376713884472476
2026-08-04,BZ=F,布蘭特原油,79.36000061035156,-5.264409943222626
2026-08-04,DX-Y.NYB,美元指數,99.88999938964844,-0.07002770654795931
2026-08-04,GC=F,黃金,4095.39990234375,1.5296118183988794
2026-08-04,NVDA,NVIDIA,211.94000244140625,2.564848561465549
2026-08-04,TWD=X,美元兌台幣,32.395999908447266,0.3186484533235223
2026-08-04,^GSPC,標普500,7736.52001953125,1.789619360979544
2026-08-04,^IXIC,那斯達克,26584.990234375,2.5896906047874646
2026-08-04,^SOX,費城半導體,12179.259765625,6.551944444776692
2026-08-04,^TNX,美債10年殖利率,4.626999855041504,-1.2590699294024565
2026-08-04,^TWII,台灣加權指數,43360.66015625,-0.059350381622413906
2026-08-04,^VIX,VIX 恐慌指數,16.5,4.035311205402881
2026-08-05,BTC-USD,比特幣,64597.5,0.8454278620180888
2026-08-05,BZ=F,布蘭特原油,79.44999694824219,0.1134026426391932
2026-08-05,DX-Y.NYB,美元指數,99.69000244140625,-0.200217188371421
2026-08-05,GC=F,黃金,4245.7998046875,3.672410654150715
2026-08-05,NVDA,NVIDIA,219.22000122070312,3.43493379986608
2026-08-05,TWD=X,美元兌台幣,32.39509963989258,-0.002778949738335701
2026-08-05,^GSPC,標普500,7723.5498046875,-0.16764921193257454
2026-08-05,^IXIC,那斯達克,26363.439453125,-0.8333679241436354
2026-08-05,^SOX,費城半導體,12008.8798828125,-1.3989346322457408
2026-08-05,^TNX,美債10年殖利率,4.617000102996826,-0.21611740561828796
2026-08-05,^TWII,台灣加權指數,44611.6015625,2.88496854462601
2026-08-05,^VIX,VIX 恐慌指數,15.8100004196167,-4.18181563868667
2026-08-06,BTC-USD,比特幣,64262.11328125,-0.5191945798986075
2026-08-06,BZ=F,布蘭特原油,82.48999786376953,3.826307152041508
2026-08-06,DX-Y.NYB,美元指數,99.97000122070312,0.2808694677898682
2026-08-06,GC=F,黃金,4242.0,-0.08949561595685829
2026-08-06,NVDA,NVIDIA,218.99000549316406,-0.10491548501886383
2026-08-06,TWD=X,美元兌台幣,32.264801025390625,-0.4022170511909673
2026-08-06,^GSPC,標普500,7709.9599609375,-0.17595333873230423
2026-08-06,^IXIC,那斯達克,26348.349609375,-0.057237765872053536
2026-08-06,^SOX,費城半導體,12048.6904296875,0.33150924368872126
2026-08-06,^TNX,美債10年殖利率,4.670000076293945,1.1479309533200421
2026-08-06,^TWII,台灣加權指數,44396.69921875,-0.48171851317403425
2026-08-06,^VIX,VIX 恐慌指數,15.149999618530273,-4.174578011190377
2026-08-07,BTC-USD,比特幣,64880.19140625,0.9618079665306256
2026-08-07,BZ=F,布蘭特原油,83.55000305175781,1.2850105654492294
2026-08-07,DX-Y.NYB,美元指數,99.5999984741211,-0.3701137761969009
2026-08-07,GC=F,黃金,4340.7001953125,2.326737277522395
2026-08-07,NVDA,NVIDIA,223.9600067138672,2.2695105237842794
2026-08-07,TWD=X,美元兌台幣,32.2067985534668,-0.17977012124817948
2026-08-07,^GSPC,標普500,7757.64013671875,0.6184231308959065
2026-08-07,^IXIC,那斯達克,26690.619140625,1.2990169643422922
2026-08-07,^SOX,費城半導體,12356.7900390625,2.5571211342259703
2026-08-07,^TNX,美債10年殖利率,4.659999847412109,-0.2141376599242406
2026-08-07,^TWII,台灣加權指數,44225.91015625,-0.38468864916847423
2026-08-07,^VIX,VIX 恐慌指數,14.899999618530273,-1.650165058052011
2026-08-08,BTC-USD,比特幣,64904.6875,0.03775589007839475
2026-08-09,BTC-USD,比特幣,64844.88671875,-0.09213630564047781
2026-08-10,BTC-USD,比特幣,63910.5859375,-1.440824139769603
2026-08-10,BZ=F,布蘭特原油,87.72000122070312,4.991020965447568
2026-08-10,DX-Y.NYB,美元指數,99.80999755859375,0.21084245751994413
2026-08-10,GC=F,黃金,4361.7998046875,0.4860876915154133
2026-08-10,NVDA,NVIDIA,217.5500030517578,-2.862119784760875
2026-08-10,TWD=X,美元兌台幣,32.23509979248047,0.08787349343861717
2026-08-10,^GSPC,標普500,7753.10986328125,-0.058397571396195946
2026-08-10,^IXIC,那斯達克,26605.359375,-0.3194371969259757
2026-08-10,^SOX,費城半導體,11993.8603515625,-2.9370871104283602
2026-08-10,^TNX,美債10年殖利率,4.698999881744385,0.8369106353927069
2026-08-10,^TWII,台灣加權指數,44928.76171875,1.589230295129762
2026-08-10,^VIX,VIX 恐慌指數,15.460000038146973,3.7583921741867643
2026-08-11,BTC-USD,比特幣,63551.875,-0.5612699871830218
2026-08-11,BZ=F,布蘭特原油,88.91000366210938,1.3565919115894776
2026-08-11,DX-Y.NYB,美元指數,99.81999969482422,0.010021176710872659
2026-08-11,GC=F,黃金,4383.0,0.4860423738319408
2026-08-11,NVDA,NVIDIA,217.5,-0.022984624709898593
2026-08-11,TWD=X,美元兌台幣,32.22710037231445,-0.02481586909149902
2026-08-11,^GSPC,標普500,7728.2001953125,-0.3212861472107087
2026-08-11,^IXIC,那斯達克,26445.44921875,-0.601044902254777
2026-08-11,^SOX,費城半導體,12098.4697265625,0.8721910371948915
2026-08-11,^TNX,美債10年殖利率,4.684000015258789,-0.3192140213467587
2026-08-11,^TWII,台灣加權指數,45120.71875,0.4272475445720847
2026-08-11,^VIX,VIX 恐慌指數,15.279999732971191,-1.1642969258191305
2026-08-12,BTC-USD,比特幣,63402.43359375,-0.23514869742238265
2026-08-12,BZ=F,布蘭特原油,88.9800033569336,0.07873095483186265
2026-08-12,DX-Y.NYB,美元指數,100.01000213623047,0.19034506310071642
2026-08-12,GC=F,黃金,4408.89990234375,0.5909172334873425
2026-08-12,NVDA,NVIDIA,224.08999633789062,3.0298833737428144
2026-08-12,TWD=X,美元兌台幣,32.20909881591797,-0.055858442703549116
2026-08-12,^GSPC,標普500,7748.5,0.26267182752088836
2026-08-12,^IXIC,那斯達克,26588.490234375,0.5408908521152389
2026-08-12,^SOX,費城半導體,12399.3798828125,2.4871753457327284
2026-08-12,^TNX,美債10年殖利率,4.682000160217285,-0.04269545335160441
2026-08-12,^TWII,台灣加權指數,45518.0703125,0.8806410303470624
2026-08-12,^VIX,VIX 恐慌指數,14.550000190734863,-4.7774839986491235
2026-08-13,BTC-USD,比特幣,63402.171875,-0.00041278975453362676
2026-08-13,BZ=F,布蘭特原油,87.06999969482422,-2.1465538211406954
2026-08-13,DX-Y.NYB,美元指數,99.95999908447266,-0.049998050884647594
2026-08-13,GC=F,黃金,4363.60009765625,-1.0274627614797693
2026-08-13,NVDA,NVIDIA,225.3000030517578,0.5399646274448999
2026-08-13,TWD=X,美元兌台幣,32.202301025390625,-0.02110518697276964
2026-08-13,^GSPC,標普500,7798.990234375,0.6516130138091158
2026-08-13,^IXIC,那斯達克,26803.029296875,0.8068869672887002
2026-08-13,^SOX,費城半導體,12456.0,0.456636684436007
2026-08-13,^TNX,美債10年殖利率,4.640999794006348,-0.8757019395111421
2026-08-13,^TWII,台灣加權指數,46021.48046875,1.1059567173957285
2026-08-13,^VIX,VIX 恐慌指數,14.630000114440918,0.5498276471294972
2026-08-14,BTC-USD,比特幣,62975.59375,-0.6728131109467572
2026-08-14,BZ=F,布蘭特原油,88.5199966430664,1.665323249482431
2026-08-14,DX-Y.NYB,美元指數,99.66999816894531,-0.2901169649694335
2026-08-14,GC=F,黃金,4380.39990234375,0.384998723795138
2026-08-14,NVDA,NVIDIA,225.16000366210938,-0.062139097981406266
2026-08-14,TWD=X,美元兌台幣,32.12409973144531,-0.24284380760136726
2026-08-14,^GSPC,標普500,7785.759765625,-0.16964335577297485
2026-08-14,^IXIC,那斯達克,26729.16015625,-0.2755999697154121
2026-08-14,^SOX,費城半導體,12417.0498046875,-0.3127022745062602
2026-08-14,^TNX,美債10年殖利率,4.696000099182129,1.1850960486318396
2026-08-14,^TWII,台灣加權指數,45811.01171875,-0.45732720428869333
2026-08-14,^VIX,VIX 恐慌指數,14.25,-2.5974033593193835
2026-08-15,BTC-USD,比特幣,63024.3203125,0.07737372464233783
2026-08-16,BTC-USD,比特幣,62818.65234375,-0.32633111746420695
2026-08-17,BTC-USD,比特幣,64506.25390625,2.686465722418352
2026-08-17,BZ=F,布蘭特原油,90.87000274658203,2.654774279975869
2026-08-17,DX-Y.NYB,美元指數,99.63999938964844,-0.030098103589837333
2026-08-17,GC=F,黃金,4417.7998046875,0.8538010952775954
2026-08-17,NVDA,NVIDIA,225.00999450683594,-0.06662335798259811
2026-08-17,TWD=X,美元兌台幣,31.99020004272461,-0.4168200504919728
2026-08-17,^GSPC,標普500,7745.06005859375,-0.5227454770816764
2026-08-17,^IXIC,那斯達克,26644.91015625,-0.31519882969573976
2026-08-17,^SOX,費城半導體,12621.0,1.642501226301829
2026-08-17,^TNX,美債10年殖利率,4.723999977111816,0.5962495174257842
2026-08-17,^TWII,台灣加權指數,45857.26953125,0.10097531306225704
2026-08-17,^VIX,VIX 恐慌指數,15.1899995803833,6.596488283391588
2026-08-18,BTC-USD,比特幣,64680.7109375,0.2704497946874218
2026-08-18,BZ=F,布蘭特原油,91.0199966430664,0.1650642587770923
2026-08-18,DX-Y.NYB,美元指數,99.6500015258789,0.01003827407841662
2026-08-18,GC=F,黃金,4366.0,-1.1725249440352137
2026-08-18,NVDA,NVIDIA,219.74000549316406,-2.3421133026656604
2026-08-18,TWD=X,美元兌台幣,31.850299835205078,-0.4373220778009723
2026-08-18,^GSPC,標普500,7691.759765625,-0.6881843725615733
2026-08-18,^IXIC,那斯達克,26289.7109375,-1.3330846929753393
2026-08-18,^SOX,費城半導體,11992.4599609375,-4.980112820398541
2026-08-18,^TNX,美債10年殖利率,4.705999851226807,-0.3810356895051159
2026-08-18,^TWII,台灣加權指數,45308.6796875,-1.1962985353416111
2026-08-18,^VIX,VIX 恐慌指數,15.84000015258789,4.279134892432879
2026-08-19,BTC-USD,比特幣,69266.1875,7.089403465170441
2026-08-19,BZ=F,布蘭特原油,91.62000274658203,0.6592025111454847
2026-08-19,DX-Y.NYB,美元指數,98.83000183105469,-0.8228797614330818
2026-08-19,GC=F,黃金,4489.39990234375,2.8263834709974844
2026-08-19,NVDA,NVIDIA,217.55999755859375,-0.9920851370134876
2026-08-19,TWD=X,美元兌台幣,31.881900787353516,0.09921712609282096
2026-08-19,^GSPC,標普500,7707.97998046875,0.2108778138942835
2026-08-19,^IXIC,那斯達克,26331.08984375,0.1573958205488557
2026-08-19,^SOX,費城半導體,11738.23046875,-2.119911119283202
2026-08-19,^TNX,美債10年殖利率,4.6529998779296875,-1.1262213126356668
2026-08-19,^TWII,台灣加權指數,44719.3515625,-1.3006958690137793
2026-08-19,^VIX,VIX 恐慌指數,14.890000343322754,-5.997473485566407
2026-08-20,BTC-USD,比特幣,72161.3125,4.179708894761958
2026-08-20,BZ=F,布蘭特原油,93.22000122070312,1.7463418753071114
2026-08-20,DX-Y.NYB,美元指數,98.80699920654297,-0.023274940894002505
2026-08-20,GC=F,黃金,4565.2998046875,1.6906469460233442
2026-08-20,NVDA,NVIDIA,217.6699981689453,0.050561045957886463
2026-08-20,TWD=X,美元兌台幣,31.864999771118164,-0.0530113193315529
2026-08-20,^GSPC,標普500,7691.77978515625,-0.21017433041535805
2026-08-20,^IXIC,那斯達克,26165.98046875,-0.6270510487023762
2026-08-20,^SOX,費城半導體,11819.771484375,0.6946619070232307
2026-08-20,^TNX,美債10年殖利率,4.690000057220459,0.7951897756600435
2026-08-20,^TWII,台灣加權指數,44933.73828125,0.47940480185713064
2026-08-20,^VIX,VIX 恐慌指數,15.739999771118164,5.708525239736351
