code,date,open,high,low,close,volume
0050,2026-05-04,92.5,94.65,92.4,94.6,125270935
0050,2026-05-05,94.4,94.75,94.0,94.6,82851869
0050,2026-05-06,96.05,96.9,94.7,95.75,111759164
0050,2026-05-07,97.95,98.4,97.4,97.7,117152238
0050,2026-05-08,97.35,97.7,95.85,97.0,131188123
0050,2026-05-11,96.65,97.15,96.5,96.9,96606391
0050,2026-05-12,96.85,97.35,95.5,96.85,102303450
0050,2026-05-13,94.85,95.8,94.7,95.5,130654061
0050,2026-05-14,96.9,97.2,95.75,96.05,57229209
0050,2026-05-15,97.65,98.25,95.2,95.4,98132989
0050,2026-05-18,94.0,95.2,93.3,94.9,118571453
0050,2026-05-19,94.35,94.7,93.1,93.1,135939820
0050,2026-05-20,93.0,93.5,92.45,92.5,121650308
0050,2026-05-21,94.8,96.05,94.7,95.85,62215954
0050,2026-05-22,96.3,97.3,96.0,97.3,64288280
0050,2026-05-25,99.55,101.0,99.55,100.8,129483256
0050,2026-05-26,101.6,101.8,100.1,100.1,93560313
0050,2026-05-27,102.4,103.9,102.0,102.55,94959812
0050,2026-05-28,104.0,104.25,100.1,100.5,152915695
0050,2026-05-29,103.2,105.4,102.7,105.4,102355526
0050,2026-06-01,105.25,106.7,104.5,105.5,135817122
0050,2026-06-02,106.3,106.3,104.2,105.7,117160979
0050,2026-06-03,107.3,107.85,107.1,107.6,79592362
0050,2026-06-04,106.75,107.0,106.05,106.1,236782252
0050,2026-06-05,105.0,105.35,102.8,104.15,337031371
0050,2026-06-08,98.05,101.3,98.05,100.95,524952235
0050,2026-06-09,102.1,103.6,101.35,103.5,246039378
0050,2026-06-10,102.6,102.95,100.2,100.25,192916596
0050,2026-06-11,100.0,100.55,97.6,99.85,299040372
0050,2026-06-12,103.25,103.75,101.55,101.95,76563613
0050,2026-06-15,105.1,105.5,104.3,105.25,100402843
0050,2026-06-16,106.05,106.05,104.85,105.9,70824506
0050,2026-06-17,105.0,106.0,104.5,106.0,100331952
0050,2026-06-18,107.0,107.45,106.65,107.3,78557448
0050,2026-06-22,109.45,111.2,109.45,111.15,116042256
0050,2026-06-23,112.0,112.3,110.05,110.1,130786727
0050,2026-06-24,108.0,108.1,106.15,107.15,235939737
0050,2026-06-25,108.0,108.05,106.35,107.2,96345582
0050,2026-06-26,105.4,105.85,102.8,103.1,291814760
0050,2026-06-29,103.35,105.35,103.3,104.45,106661221
0050,2026-06-30,106.85,108.25,106.75,107.8,107704452
0050,2026-07-01,109.8,109.95,108.6,109.35,76131395
0050,2026-07-02,107.2,108.95,106.9,108.8,73421155
0050,2026-07-03,106.15,108.8,106.1,108.35,82436126
0050,2026-07-06,109.05,109.6,107.7,108.25,75784190
0050,2026-07-07,108.55,109.05,105.85,106.2,124629074
0050,2026-07-08,106.4,106.6,105.05,106.05,96508356
0050,2026-07-09,106.35,107.0,105.45,105.8,56650627
0050,2026-07-13,107.0,107.55,105.7,106.0,71523037
0050,2026-07-14,105.5,105.5,102.25,104.4,259927533
0050,2026-07-15,105.3,106.45,104.65,106.3,110911495
0050,2026-07-16,105.35,106.75,104.55,106.4,73088988
0050,2026-07-17,102.9,103.05,100.0,100.15,520545951
0050,2026-07-20,100.2,100.6,98.3,99.2,373784717
0050,2026-07-21,100.0,102.5,99.85,102.5,95733411
0050,2026-07-22,104.5,104.8,103.3,103.85,107935092
0050,2026-07-23,104.25,104.8,102.9,103.9,54786484
0050,2026-07-24,102.55,103.05,101.3,101.7,105138918
0050,2026-07-27,101.3,101.6,100.05,101.45,109612623
0050,2026-07-28,98.35,98.35,96.9,97.15,469130535
0050,2026-07-29,96.95,97.0,91.8,93.7,546282926
0050,2026-07-30,93.4,96.0,92.0,93.5,297963128
0050,2026-07-31,100.0,102.85,99.8,102.85,345660955
0050,2026-08-03,102.0,102.7,101.0,102.0,169497151
0050,2026-08-04,100.65,102.25,99.75,100.65,121774200
0050,2026-08-05,103.75,104.75,102.9,103.8,168906182
0050,2026-08-06,103.25,103.7,102.55,103.3,78928810
0050,2026-08-07,103.8,104.0,102.05,102.85,69373793
0050,2026-08-10,103.9,104.75,103.5,104.25,82086387
0050,2026-08-11,104.05,104.85,103.4,104.6,69314252
0050,2026-08-12,105.0,105.25,104.45,105.2,64991356
0050,2026-08-13,106.55,107.0,106.15,106.7,89418262
0050,2026-08-14,107.1,107.5,106.05,106.4,81955573
0050,2026-08-17,106.4,106.95,106.0,106.45,58016480
0050,2026-08-18,106.45,106.45,104.85,104.9,66471402
0050,2026-08-19,103.05,103.85,102.7,103.1,100818593
0050,2026-08-20,104.2,104.25,102.95,103.8,43382378
00878,2026-05-04,25.87,26.21,25.87,26.15,94135559
00878,2026-05-05,26.27,26.62,26.25,26.58,82568044
00878,2026-05-06,27.21,27.41,26.94,27.33,121116580
00878,2026-05-07,27.57,27.9,27.44,27.89,84222100
00878,2026-05-08,27.87,28.13,27.54,27.82,115201554
00878,2026-05-11,27.85,28.29,27.72,28.28,97392489
00878,2026-05-12,28.3,28.37,27.96,28.13,99945296
00878,2026-05-13,27.81,28.04,27.68,27.95,104258390
00878,2026-05-14,28.17,28.3,28.0,28.12,63890596
00878,2026-05-15,28.39,28.56,27.76,27.9,129400858
00878,2026-05-18,27.68,28.0,27.27,27.8,132276054
00878,2026-05-19,27.25,27.69,27.0,27.0,86741893
00878,2026-05-20,27.04,27.19,26.9,26.93,50349599
00878,2026-05-21,27.42,27.76,27.42,27.71,64851294
00878,2026-05-22,27.91,28.3,27.81,28.27,95636213
00878,2026-05-25,28.86,29.5,28.83,29.48,142122086
00878,2026-05-26,29.69,29.83,29.48,29.62,84260566
00878,2026-05-27,30.28,30.8,30.28,30.55,110473016
00878,2026-05-28,30.55,30.79,29.84,30.0,90876706
00878,2026-05-29,30.58,30.8,30.35,30.76,71631385
00878,2026-06-01,31.3,32.05,31.3,31.99,103435481
00878,2026-06-02,32.1,32.5,31.81,32.49,111980868
00878,2026-06-03,32.68,33.4,32.55,33.3,103127309
00878,2026-06-04,32.95,32.96,32.54,32.68,78525133
00878,2026-06-05,32.35,32.44,31.63,32.32,129424685
00878,2026-06-08,30.02,31.17,30.02,31.11,142765587
00878,2026-06-09,31.37,32.39,31.37,32.31,85554155
00878,2026-06-10,31.87,32.1,31.5,31.6,90017887
00878,2026-06-11,31.53,31.72,31.05,31.6,58883791
00878,2026-06-12,32.42,32.46,32.05,32.05,52341624
00878,2026-06-15,32.76,33.01,32.56,32.61,51793757
00878,2026-06-16,32.78,32.98,32.65,32.91,50358469
00878,2026-06-17,32.67,33.27,32.64,33.27,44252730
00878,2026-06-18,33.45,33.71,33.45,33.67,37481091
00878,2026-06-22,33.98,34.3,33.98,34.12,48412504
00878,2026-06-23,34.4,34.62,33.98,33.98,48726737
00878,2026-06-24,33.6,33.87,33.37,33.66,45814735
00878,2026-06-25,33.93,34.0,33.49,33.75,32653639
00878,2026-06-26,33.43,33.43,32.68,32.71,69355166
00878,2026-06-29,32.95,33.2,32.72,32.9,38299924
00878,2026-06-30,33.14,33.58,33.05,33.5,29475025
00878,2026-07-01,33.79,33.83,33.23,33.32,27671512
00878,2026-07-02,32.94,33.24,32.9,33.22,27899987
00878,2026-07-03,32.98,33.38,32.88,33.33,22296837
00878,2026-07-06,33.53,33.79,33.36,33.49,34606525
00878,2026-07-07,33.49,33.6,32.91,32.97,34958840
00878,2026-07-08,33.19,33.22,32.72,33.2,29374892
00878,2026-07-09,33.29,33.39,32.99,33.19,23796926
00878,2026-07-13,33.38,33.59,33.0,33.13,29799822
00878,2026-07-14,33.03,33.03,32.08,32.72,61601179
00878,2026-07-15,33.0,33.23,32.85,33.21,26053558
00878,2026-07-16,32.88,33.05,32.66,32.95,26702607
00878,2026-07-17,32.16,32.39,31.78,31.81,77583327
00878,2026-07-20,31.97,31.97,31.1,31.36,62783112
00878,2026-07-21,31.5,32.1,31.5,32.05,21070038
00878,2026-07-22,32.57,32.98,32.57,32.72,25512387
00878,2026-07-23,33.0,33.09,32.46,32.73,17377538
00878,2026-07-24,32.54,32.84,32.42,32.61,18280028
00878,2026-07-27,32.49,32.6,32.13,32.55,30340199
00878,2026-07-28,31.83,32.0,31.5,31.5,68709480
00878,2026-07-29,31.82,32.02,30.41,30.91,93421480
00878,2026-07-30,30.47,31.17,30.3,30.75,48393120
00878,2026-07-31,32.09,32.47,32.0,32.43,52915952
00878,2026-08-03,32.28,32.76,32.11,32.57,68546714
00878,2026-08-04,32.52,32.88,32.32,32.57,57183322
00878,2026-08-05,33.37,33.45,33.09,33.15,43855594
00878,2026-08-06,33.12,33.15,32.81,32.84,69396792
00878,2026-08-07,32.92,33.05,32.65,32.81,48698785
00878,2026-08-10,33.04,33.4,32.88,33.4,37275797
00878,2026-08-11,33.33,33.49,33.22,33.47,36620755
00878,2026-08-12,33.58,33.79,33.41,33.52,45388985
00878,2026-08-13,33.9,33.95,33.69,33.78,46956822
00878,2026-08-14,34.09,34.19,33.8,33.87,80272161
00878,2026-08-17,33.88,33.9,33.55,33.75,168685898
00878,2026-08-18,32.76,32.76,32.3,32.38,87657286
00878,2026-08-19,32.03,32.38,31.92,32.3,39841825
00878,2026-08-20,32.45,32.45,31.93,32.15,40834367
2308,2026-05-04,2250.0,2260.0,2150.0,2220.0,12649019
2308,2026-05-05,2185.0,2195.0,2145.0,2165.0,10559120
2308,2026-05-06,2215.0,2270.0,2150.0,2210.0,15562046
2308,2026-05-07,2275.0,2370.0,2250.0,2280.0,15656408
2308,2026-05-08,2230.0,2250.0,2170.0,2200.0,11802071
2308,2026-05-11,2215.0,2270.0,2205.0,2245.0,9200516
2308,2026-05-12,2225.0,2260.0,2190.0,2195.0,13011711
2308,2026-05-13,2160.0,2185.0,2140.0,2165.0,7659621
2308,2026-05-14,2210.0,2250.0,2155.0,2155.0,7332576
2308,2026-05-15,2185.0,2195.0,2075.0,2075.0,12351492
2308,2026-05-18,1985.0,2040.0,1985.0,2020.0,10082191
2308,2026-05-19,2020.0,2025.0,1910.0,1915.0,16288903
2308,2026-05-20,1880.0,1960.0,1880.0,1915.0,10890054
2308,2026-05-21,2015.0,2060.0,1990.0,2030.0,11663874
2308,2026-05-22,2125.0,2125.0,2050.0,2095.0,8534359
2308,2026-05-25,2205.0,2300.0,2185.0,2290.0,12049781
2308,2026-05-26,2350.0,2410.0,2290.0,2350.0,12198582
2308,2026-05-27,2490.0,2585.0,2490.0,2520.0,13897689
2308,2026-05-28,2485.0,2520.0,2370.0,2390.0,11721062
2308,2026-05-29,2470.0,2525.0,2445.0,2445.0,17179076
2308,2026-06-01,2450.0,2520.0,2410.0,2420.0,9840869
2308,2026-06-02,2430.0,2455.0,2330.0,2360.0,12331189
2308,2026-06-03,2420.0,2460.0,2410.0,2455.0,10882344
2308,2026-06-04,2440.0,2465.0,2405.0,2425.0,9416420
2308,2026-06-05,2380.0,2380.0,2275.0,2300.0,12283892
2308,2026-06-08,2090.0,2260.0,2090.0,2255.0,15374423
2308,2026-06-09,2265.0,2435.0,2215.0,2415.0,15579800
2308,2026-06-10,2370.0,2410.0,2190.0,2200.0,18810727
2308,2026-06-11,2170.0,2230.0,2080.0,2160.0,15289457
2308,2026-06-12,2260.0,2280.0,2170.0,2215.0,9897155
2308,2026-06-15,2310.0,2320.0,2200.0,2210.0,9456969
2308,2026-06-16,2265.0,2270.0,2220.0,2230.0,9190426
2308,2026-06-17,2220.0,2220.0,2140.0,2155.0,11613654
2308,2026-06-18,2190.0,2210.0,2150.0,2150.0,12882319
2308,2026-06-22,2170.0,2195.0,2135.0,2150.0,16874717
2308,2026-06-23,2170.0,2170.0,2080.0,2080.0,14787242
2308,2026-06-24,2030.0,2050.0,1970.0,2000.0,23907070
2308,2026-06-25,2060.0,2060.0,1960.0,1980.0,13727341
2308,2026-06-26,1925.0,1935.0,1790.0,1810.0,28604290
2308,2026-06-29,1860.0,1970.0,1850.0,1905.0,16741799
2308,2026-06-30,2010.0,2030.0,1950.0,1950.0,14370927
2308,2026-07-01,2020.0,2020.0,1965.0,1990.0,8753015
2308,2026-07-02,1955.0,2010.0,1920.0,1970.0,6939618
2308,2026-07-03,1920.0,2075.0,1885.0,2075.0,15207642
2308,2026-07-06,2120.0,2135.0,1995.0,1995.0,9220091
2308,2026-07-07,2015.0,2025.0,1890.0,1890.0,9212478
2308,2026-07-08,1925.0,1950.0,1840.0,1885.0,13043190
2308,2026-07-09,1890.0,1935.0,1870.0,1880.0,8337141
2308,2026-07-13,1970.0,1980.0,1885.0,1890.0,9299583
2308,2026-07-14,1900.0,1905.0,1780.0,1855.0,10864234
2308,2026-07-15,1930.0,1930.0,1865.0,1890.0,8792634
2308,2026-07-16,1865.0,1935.0,1820.0,1905.0,8661820
2308,2026-07-17,1820.0,1825.0,1735.0,1740.0,14248513
2308,2026-07-20,1695.0,1785.0,1665.0,1705.0,11567901
2308,2026-07-21,1735.0,1855.0,1720.0,1835.0,11082972
2308,2026-07-22,1920.0,1950.0,1870.0,1880.0,11813364
2308,2026-07-23,1900.0,1945.0,1850.0,1880.0,6075442
2308,2026-07-24,1850.0,1890.0,1785.0,1785.0,7041974
2308,2026-07-27,1755.0,1785.0,1695.0,1755.0,9935415
2308,2026-07-28,1635.0,1655.0,1580.0,1580.0,16516645
2308,2026-07-29,1560.0,1595.0,1425.0,1495.0,22356467
2308,2026-07-30,1505.0,1625.0,1475.0,1530.0,22598605
2308,2026-07-31,1680.0,1680.0,1590.0,1640.0,31456334
2308,2026-08-03,1610.0,1645.0,1560.0,1580.0,17410913
2308,2026-08-04,1530.0,1680.0,1520.0,1620.0,20958807
2308,2026-08-05,1705.0,1720.0,1645.0,1650.0,16778461
2308,2026-08-06,1650.0,1700.0,1625.0,1680.0,10907572
2308,2026-08-07,1700.0,1715.0,1635.0,1650.0,10432120
2308,2026-08-10,1695.0,1815.0,1690.0,1815.0,10318139
2308,2026-08-11,1835.0,1865.0,1785.0,1805.0,18963715
2308,2026-08-12,1810.0,1830.0,1785.0,1790.0,9097777
2308,2026-08-13,1845.0,1915.0,1845.0,1885.0,14453120
2308,2026-08-14,1945.0,1975.0,1865.0,1885.0,14036875
2308,2026-08-17,1950.0,2005.0,1885.0,1885.0,13421490
2308,2026-08-18,1900.0,1905.0,1820.0,1820.0,11391040
2308,2026-08-19,1745.0,1800.0,1740.0,1765.0,12608652
2308,2026-08-20,1770.0,1785.0,1705.0,1745.0,11014621
2317,2026-05-04,224.0,229.5,223.5,227.5,57506042
2317,2026-05-05,227.5,240.0,227.0,239.5,162873566
2317,2026-05-06,246.5,253.0,245.0,252.0,240330399
2317,2026-05-07,255.0,258.0,250.0,253.5,128767846
2317,2026-05-08,254.0,256.0,245.5,250.0,102375417
2317,2026-05-11,256.5,258.0,251.0,252.0,63063740
2317,2026-05-12,254.0,254.0,246.0,250.0,84325367
2317,2026-05-13,246.5,251.0,242.5,251.0,72415109
2317,2026-05-14,255.0,255.0,244.0,244.5,73360409
2317,2026-05-15,249.0,260.0,247.0,248.5,138413483
2317,2026-05-18,251.0,251.0,241.0,248.5,63512356
2317,2026-05-19,251.0,254.0,244.0,245.0,70223341
2317,2026-05-20,246.5,246.5,239.5,240.0,62650287
2317,2026-05-21,245.0,249.0,244.0,247.5,51483466
2317,2026-05-22,249.0,251.5,245.0,250.0,56310552
2317,2026-05-25,255.0,263.5,255.0,261.0,122990174
2317,2026-05-26,262.5,263.5,257.0,259.0,55665305
2317,2026-05-27,263.0,269.0,261.0,264.0,78352856
2317,2026-05-28,265.0,269.5,259.5,263.0,73792269
2317,2026-05-29,269.0,289.0,268.0,289.0,289511198
2317,2026-06-01,302.0,304.5,293.0,293.5,205766647
2317,2026-06-02,297.5,302.0,293.0,301.5,113076476
2317,2026-06-03,306.0,314.0,299.0,309.0,149620933
2317,2026-06-04,309.0,309.0,293.0,293.0,110760779
2317,2026-06-05,290.5,292.5,278.0,284.5,93158859
2317,2026-06-08,257.5,272.0,257.5,269.5,117863651
2317,2026-06-09,270.5,277.5,268.5,277.5,74649081
2317,2026-06-10,271.0,274.0,262.5,263.0,93369272
2317,2026-06-11,260.0,262.5,251.5,258.5,97550509
2317,2026-06-12,266.5,269.0,260.0,260.5,60260948
2317,2026-06-15,271.0,272.5,265.0,267.5,54689024
2317,2026-06-16,270.0,271.0,265.5,269.0,56878574
2317,2026-06-17,266.0,272.0,264.0,272.0,42755242
2317,2026-06-18,270.5,271.5,268.5,268.5,68996866
2317,2026-06-22,270.0,275.5,268.5,268.5,67145972
2317,2026-06-23,270.0,270.5,259.0,259.5,92063800
2317,2026-06-24,255.0,261.0,255.0,256.0,63690545
2317,2026-06-25,260.5,262.5,257.5,257.5,43578494
2317,2026-06-26,255.5,255.5,248.0,248.5,80450955
2317,2026-06-29,250.0,252.0,246.0,246.5,49210311
2317,2026-06-30,251.5,255.5,249.0,251.0,52952173
2317,2026-07-01,255.0,255.5,248.0,248.0,65880617
2317,2026-07-02,239.0,243.0,238.0,239.0,67897136
2317,2026-07-03,237.0,241.0,236.0,240.5,51008242
2317,2026-07-06,243.5,247.5,240.5,242.0,43693584
2317,2026-07-07,243.0,243.0,236.0,237.0,51778760
2317,2026-07-08,240.0,240.5,234.0,237.5,37939126
2317,2026-07-09,238.0,240.0,234.5,237.5,40528079
2317,2026-07-13,242.0,242.5,236.5,236.5,37504587
2317,2026-07-14,236.0,237.0,230.0,235.5,48112076
2317,2026-07-15,236.0,241.0,235.5,239.0,36108846
2317,2026-07-16,240.5,244.0,238.0,242.5,39074704
2317,2026-07-17,238.0,241.5,233.0,234.0,69006897
2317,2026-07-20,235.5,238.5,230.5,234.5,48579978
2317,2026-07-21,238.0,247.0,236.5,246.0,51471036
2317,2026-07-22,249.0,259.0,248.0,251.5,67787081
2317,2026-07-23,256.5,259.5,253.5,257.5,63787974
2317,2026-07-24,254.0,256.0,251.5,252.5,33694573
2317,2026-07-27,253.0,254.5,246.0,253.0,35908207
2317,2026-07-28,246.0,247.0,238.0,238.0,52860433
2317,2026-07-29,240.0,246.5,231.0,237.0,84937463
2317,2026-07-30,236.0,237.5,226.5,229.5,77132664
2317,2026-07-31,245.0,252.0,242.5,250.5,99413798
2317,2026-08-03,244.5,254.0,242.5,253.0,52666207
2317,2026-08-04,249.0,254.5,246.0,250.0,41095656
2317,2026-08-05,257.0,260.5,256.0,258.5,72633762
2317,2026-08-06,258.5,265.0,257.5,264.5,82178728
2317,2026-08-07,265.5,267.0,258.0,260.0,38813488
2317,2026-08-10,262.5,266.5,262.0,264.5,34854398
2317,2026-08-11,266.0,266.0,260.5,263.0,24592444
2317,2026-08-12,264.5,270.5,264.0,270.0,60316168
2317,2026-08-13,274.5,274.5,261.0,262.0,96829809
2317,2026-08-14,262.0,264.5,257.5,259.5,51013887
2317,2026-08-17,259.5,261.0,255.0,255.0,35551968
2317,2026-08-18,255.0,256.5,247.5,249.0,50539577
2317,2026-08-19,245.0,247.0,242.5,245.0,36592747
2317,2026-08-20,250.5,250.5,244.0,246.5,26344428
2330,2026-05-04,2200.0,2285.0,2195.0,2275.0,44458732
2330,2026-05-05,2250.0,2270.0,2240.0,2250.0,26644983
2330,2026-05-06,2250.0,2285.0,2240.0,2250.0,38026963
2330,2026-05-07,2335.0,2345.0,2310.0,2310.0,41966283
2330,2026-05-08,2300.0,2310.0,2265.0,2290.0,31730352
2330,2026-05-11,2265.0,2275.0,2235.0,2235.0,46172626
2330,2026-05-12,2235.0,2280.0,2210.0,2255.0,54239538
2330,2026-05-13,2205.0,2240.0,2205.0,2220.0,43727683
2330,2026-05-14,2250.0,2270.0,2230.0,2270.0,39564699
2330,2026-05-15,2310.0,2325.0,2250.0,2265.0,34360513
2330,2026-05-18,2225.0,2260.0,2215.0,2240.0,32966937
2330,2026-05-19,2220.0,2230.0,2205.0,2205.0,45585931
2330,2026-05-20,2205.0,2210.0,2185.0,2185.0,38332945
2330,2026-05-21,2240.0,2255.0,2230.0,2230.0,24929331
2330,2026-05-22,2245.0,2260.0,2225.0,2255.0,26823133
2330,2026-05-25,2275.0,2310.0,2275.0,2310.0,28250944
2330,2026-05-26,2320.0,2325.0,2270.0,2270.0,32781470
2330,2026-05-27,2310.0,2330.0,2290.0,2300.0,40272350
2330,2026-05-28,2350.0,2360.0,2270.0,2295.0,42313277
2330,2026-05-29,2340.0,2375.0,2330.0,2355.0,104783831
2330,2026-06-01,2355.0,2415.0,2350.0,2355.0,60942792
2330,2026-06-02,2390.0,2400.0,2360.0,2380.0,41532527
2330,2026-06-03,2425.0,2440.0,2410.0,2425.0,29219904
2330,2026-06-04,2385.0,2415.0,2385.0,2385.0,32542948
2330,2026-06-05,2395.0,2405.0,2350.0,2365.0,43403895
2330,2026-06-08,2230.0,2320.0,2230.0,2295.0,52273858
2330,2026-06-09,2305.0,2320.0,2295.0,2305.0,38847544
2330,2026-06-10,2285.0,2300.0,2255.0,2255.0,54194021
2330,2026-06-11,2240.0,2260.0,2210.0,2250.0,46417523
2330,2026-06-12,2325.0,2325.0,2290.0,2310.0,26306885
2330,2026-06-15,2360.0,2375.0,2345.0,2375.0,30228535
2330,2026-06-16,2375.0,2400.0,2350.0,2400.0,37145708
2330,2026-06-17,2355.0,2385.0,2350.0,2385.0,30059393
2330,2026-06-18,2395.0,2415.0,2385.0,2410.0,49982610
2330,2026-06-22,2455.0,2510.0,2455.0,2510.0,45207883
2330,2026-06-23,2510.0,2535.0,2490.0,2490.0,39537895
2330,2026-06-24,2435.0,2445.0,2390.0,2390.0,67304477
2330,2026-06-25,2410.0,2420.0,2390.0,2390.0,41099957
2330,2026-06-26,2360.0,2370.0,2325.0,2340.0,53800344
2330,2026-06-29,2330.0,2395.0,2330.0,2370.0,38133782
2330,2026-06-30,2440.0,2475.0,2410.0,2410.0,49540227
2330,2026-07-01,2495.0,2505.0,2475.0,2505.0,37544470
2330,2026-07-02,2450.0,2480.0,2445.0,2465.0,35919290
2330,2026-07-03,2415.0,2465.0,2415.0,2445.0,32905868
2330,2026-07-06,2465.0,2500.0,2455.0,2460.0,21041918
2330,2026-07-07,2480.0,2500.0,2440.0,2440.0,31400854
2330,2026-07-08,2445.0,2465.0,2420.0,2465.0,25519599
2330,2026-07-09,2450.0,2460.0,2415.0,2415.0,34681018
2330,2026-07-13,2460.0,2480.0,2440.0,2440.0,35310380
2330,2026-07-14,2410.0,2430.0,2390.0,2420.0,42857055
2330,2026-07-15,2425.0,2460.0,2415.0,2440.0,33665566
2330,2026-07-16,2430.0,2470.0,2420.0,2470.0,30538604
2330,2026-07-17,2375.0,2395.0,2290.0,2290.0,97362670
2330,2026-07-20,2300.0,2345.0,2300.0,2320.0,55790346
2330,2026-07-21,2350.0,2410.0,2345.0,2410.0,31605663
2330,2026-07-22,2440.0,2445.0,2385.0,2400.0,31653123
2330,2026-07-23,2385.0,2405.0,2370.0,2405.0,28001492
2330,2026-07-24,2355.0,2365.0,2345.0,2350.0,24810509
2330,2026-07-27,2330.0,2365.0,2330.0,2350.0,28939466
2330,2026-07-28,2270.0,2305.0,2270.0,2280.0,45333029
2330,2026-07-29,2260.0,2280.0,2180.0,2200.0,68139691
2330,2026-07-30,2205.0,2260.0,2190.0,2205.0,51372177
2330,2026-07-31,2350.0,2425.0,2345.0,2425.0,69478145
2330,2026-08-03,2390.0,2395.0,2365.0,2370.0,35209944
2330,2026-08-04,2335.0,2360.0,2310.0,2320.0,41021199
2330,2026-08-05,2385.0,2415.0,2370.0,2405.0,36782301
2330,2026-08-06,2395.0,2395.0,2360.0,2365.0,25536816
2330,2026-08-07,2390.0,2395.0,2355.0,2370.0,24414025
2330,2026-08-10,2390.0,2410.0,2380.0,2380.0,21498241
2330,2026-08-11,2390.0,2405.0,2375.0,2395.0,18247582
2330,2026-08-12,2405.0,2415.0,2390.0,2415.0,19448153
2330,2026-08-13,2440.0,2445.0,2425.0,2435.0,26233385
2330,2026-08-14,2435.0,2440.0,2395.0,2395.0,21162682
2330,2026-08-17,2410.0,2420.0,2390.0,2400.0,13482456
2330,2026-08-18,2415.0,2415.0,2375.0,2380.0,19997213
2330,2026-08-19,2340.0,2355.0,2335.0,2350.0,23618612
2330,2026-08-20,2365.0,2375.0,2350.0,2375.0,16967737
2376,2026-05-04,278.0,282.0,270.5,279.0,6508646
2376,2026-05-05,279.0,281.0,275.5,279.5,4539828
2376,2026-05-06,283.0,304.5,283.0,301.0,24158935
2376,2026-05-07,311.0,316.5,300.5,309.0,24537224
2376,2026-05-08,316.0,323.5,304.5,317.0,21918327
2376,2026-05-11,329.0,333.0,317.0,324.5,20716173
2376,2026-05-12,327.5,329.0,315.0,321.0,12394600
2376,2026-05-13,317.5,318.0,310.5,313.5,12824543
2376,2026-05-14,322.5,332.0,320.0,327.0,16985216
2376,2026-05-15,330.0,332.0,315.0,326.5,20435886
2376,2026-05-18,336.0,351.0,328.0,330.5,39137868
2376,2026-05-19,320.0,324.0,304.5,305.0,33752266
2376,2026-05-20,309.0,313.5,300.0,302.0,13967293
2376,2026-05-21,308.0,319.5,305.0,316.5,15510557
2376,2026-05-22,318.5,325.0,311.5,322.5,13226599
2376,2026-05-25,331.5,343.0,331.0,336.5,17128036
2376,2026-05-26,340.0,340.5,330.0,336.0,11025246
2376,2026-05-27,341.0,341.0,331.0,332.5,9035273
2376,2026-05-28,336.0,350.0,331.0,337.5,17174957
2376,2026-05-29,350.5,371.0,350.0,370.0,33434927
2376,2026-06-01,385.0,396.0,376.5,387.0,38916483
2376,2026-06-02,387.5,395.0,379.5,390.5,25610532
2376,2026-06-03,392.0,402.0,377.0,399.0,23444363
2376,2026-06-04,391.0,392.5,372.5,374.0,22721974
2376,2026-06-05,370.0,375.0,358.5,369.0,17414787
2376,2026-06-08,335.0,349.0,335.0,345.0,15202762
2376,2026-06-09,349.5,360.0,343.0,359.0,12395319
2376,2026-06-10,350.0,357.0,343.0,344.5,15746992
2376,2026-06-11,344.0,348.5,332.0,340.0,12564228
2376,2026-06-12,352.0,354.0,341.0,342.0,8171537
2376,2026-06-15,350.0,353.5,343.5,349.5,5695443
2376,2026-06-16,352.5,352.5,345.0,348.0,5609570
2376,2026-06-17,346.0,349.5,343.0,347.5,5752681
2376,2026-06-18,348.0,353.0,344.0,344.0,8646604
2376,2026-06-22,350.0,351.0,337.5,339.5,13004047
2376,2026-06-23,340.0,340.0,328.5,330.5,8905417
2376,2026-06-24,330.0,339.0,325.0,339.0,7343440
2376,2026-06-25,341.0,344.0,332.0,334.0,5870093
2376,2026-06-26,330.0,330.5,318.5,319.5,9847137
2376,2026-06-29,320.0,330.0,320.0,325.0,4846763
2376,2026-06-30,332.0,346.5,332.0,344.0,11368996
2376,2026-07-01,348.5,348.5,337.5,337.5,6161007
2376,2026-07-02,337.0,343.5,332.5,338.5,4406993
2376,2026-07-03,337.5,342.5,336.5,338.5,3839419
2376,2026-07-06,343.0,344.0,336.0,336.5,4511072
2376,2026-07-07,337.0,340.0,327.0,327.0,5617706
2376,2026-07-08,328.5,337.0,328.0,335.0,4776056
2376,2026-07-09,337.0,341.5,334.0,336.5,4075604
2376,2026-07-13,341.5,342.5,334.0,335.5,4320187
2376,2026-07-14,339.0,339.0,323.5,334.0,4898954
2376,2026-07-15,337.0,345.5,335.0,344.0,4886987
2376,2026-07-16,342.5,342.5,335.5,337.0,5415663
2376,2026-07-17,330.0,332.0,323.5,325.0,8552370
2376,2026-07-20,328.0,336.0,317.5,331.0,7450480
2376,2026-07-21,331.0,341.0,330.5,341.0,4891236
2376,2026-07-22,343.0,350.0,342.5,348.0,7898953
2376,2026-07-23,350.5,354.5,344.5,354.5,7441425
2376,2026-07-24,350.5,358.0,347.0,354.5,7613423
2376,2026-07-27,355.0,355.0,338.0,349.5,6567620
2376,2026-07-28,340.0,341.0,326.0,327.0,9088736
2376,2026-07-29,331.0,336.0,315.5,321.5,7550654
2376,2026-07-30,322.5,323.5,312.0,318.5,5338506
2376,2026-07-31,331.0,339.5,328.0,336.5,8320257
2376,2026-08-03,320.0,332.5,314.0,324.5,10891022
2376,2026-08-04,323.5,338.0,320.0,332.0,10157491
2376,2026-08-05,340.0,347.0,338.0,342.0,10360283
2376,2026-08-06,342.0,348.5,339.0,344.0,7489755
2376,2026-08-07,348.5,351.0,341.0,344.0,5232862
2376,2026-08-10,345.5,352.0,343.0,349.5,6544561
2376,2026-08-11,349.5,353.0,346.5,350.5,4100430
2376,2026-08-12,352.0,381.0,352.0,375.5,17992451
2376,2026-08-13,385.5,395.0,379.5,393.5,18530239
2376,2026-08-14,390.0,402.0,386.5,397.5,14334527
2376,2026-08-17,380.0,381.5,358.0,358.0,22954921
2376,2026-08-18,359.0,362.5,346.0,348.0,13207722
2376,2026-08-19,343.0,352.5,339.0,348.5,6754187
2376,2026-08-20,354.0,355.0,342.0,344.0,5861465
2382,2026-05-04,317.5,321.5,315.0,318.0,17713587
2382,2026-05-05,317.0,323.5,315.0,321.0,12463306
2382,2026-05-06,328.0,348.0,328.0,346.5,44808704
2382,2026-05-07,349.0,352.5,341.0,344.0,23382815
2382,2026-05-08,343.5,345.5,335.5,340.5,17406713
2382,2026-05-11,350.0,350.0,341.5,343.5,14508377
2382,2026-05-12,346.5,347.5,338.0,340.0,12855467
2382,2026-05-13,339.5,343.0,335.5,340.5,13159804
2382,2026-05-14,346.0,351.5,333.0,334.5,21733250
2382,2026-05-15,310.0,317.0,305.0,306.0,66013746
2382,2026-05-18,305.0,305.0,296.0,300.0,36475336
2382,2026-05-19,300.0,302.5,290.0,290.0,37484794
2382,2026-05-20,288.5,294.0,288.5,290.0,36185735
2382,2026-05-21,296.0,312.5,295.0,308.0,38942347
2382,2026-05-22,310.0,317.0,305.5,316.0,36233592
2382,2026-05-25,322.0,325.0,316.5,316.5,46775832
2382,2026-05-26,322.0,327.0,316.5,316.5,46085483
2382,2026-05-27,322.0,323.5,312.0,312.0,43591575
2382,2026-05-28,312.5,319.0,308.5,308.5,43210473
2382,2026-05-29,315.5,339.0,315.5,339.0,87792646
2382,2026-06-01,366.0,372.5,361.0,372.5,76692327
2382,2026-06-02,375.0,409.5,369.5,400.5,151608396
2382,2026-06-03,408.5,438.0,393.0,417.0,111020362
2382,2026-06-04,402.0,412.0,395.0,404.0,73706806
2382,2026-06-05,392.5,395.5,375.0,390.5,69275731
2382,2026-06-08,357.0,376.5,357.0,376.5,63428197
2382,2026-06-09,378.0,383.0,373.5,375.0,50920829
2382,2026-06-10,370.0,380.5,363.5,380.5,46184781
2382,2026-06-11,373.5,385.0,359.0,370.0,48409395
2382,2026-06-12,378.0,384.0,372.0,372.0,24305308
2382,2026-06-15,381.5,386.5,368.0,370.0,22408965
2382,2026-06-16,371.5,372.5,362.0,362.5,20112630
2382,2026-06-17,361.0,374.0,358.0,374.0,21858689
2382,2026-06-18,374.5,379.5,372.5,376.0,22566584
2382,2026-06-22,378.5,385.0,376.5,380.0,20023542
2382,2026-06-23,381.0,381.0,368.0,372.5,16362886
2382,2026-06-24,367.0,372.0,364.5,372.0,11120601
2382,2026-06-25,375.0,375.0,365.0,366.5,13596942
2382,2026-06-26,362.0,372.0,357.0,362.0,20757530
2382,2026-06-29,368.0,372.0,363.0,367.0,11562314
2382,2026-06-30,371.0,371.5,365.5,368.0,11181396
2382,2026-07-01,373.5,376.5,368.5,372.0,13892612
2382,2026-07-02,366.0,372.0,365.5,369.0,9014780
2382,2026-07-03,369.0,378.0,368.5,377.0,13135151
2382,2026-07-06,381.5,393.0,378.0,378.0,25001955
2382,2026-07-07,374.5,380.0,372.5,373.0,15592266
2382,2026-07-08,376.0,380.5,367.0,377.0,15636669
2382,2026-07-09,379.5,380.5,373.5,373.5,13993644
2382,2026-07-13,377.0,385.0,374.0,378.0,17625716
2382,2026-07-14,378.0,380.0,368.0,380.0,25976500
2382,2026-07-15,383.5,384.0,376.0,381.0,24915093
2382,2026-07-16,360.5,360.5,349.0,352.0,33111611
2382,2026-07-17,346.0,349.0,324.5,325.5,33474930
2382,2026-07-20,331.5,333.0,309.0,316.0,36017076
2382,2026-07-21,319.5,324.0,314.0,324.0,22568430
2382,2026-07-22,326.0,335.0,326.0,329.0,23698660
2382,2026-07-23,331.0,337.5,328.0,336.0,24000085
2382,2026-07-24,330.0,335.0,328.0,328.0,11901559
2382,2026-07-27,324.5,326.5,314.5,322.0,19764190
2382,2026-07-28,312.0,315.5,308.0,313.5,20455771
2382,2026-07-29,319.0,322.5,301.5,309.5,28018749
2382,2026-07-30,288.0,288.0,279.0,279.0,60476779
2382,2026-07-31,299.0,299.0,285.0,291.5,49270092
2382,2026-08-03,287.5,300.0,284.0,296.5,29365626
2382,2026-08-04,291.0,305.0,291.0,300.5,24772410
2382,2026-08-05,306.5,310.5,302.5,304.0,19176092
2382,2026-08-06,301.5,305.0,299.0,302.0,13734715
2382,2026-08-07,305.0,305.0,295.0,298.0,17516962
2382,2026-08-10,301.0,313.5,300.0,313.5,22764127
2382,2026-08-11,312.5,316.5,309.5,315.5,15798104
2382,2026-08-12,317.0,330.0,316.5,325.5,28857089
2382,2026-08-13,328.0,328.5,320.5,325.0,19688533
2382,2026-08-14,325.0,336.5,318.0,327.5,44245049
2382,2026-08-17,332.0,339.0,330.5,333.5,30494447
2382,2026-08-18,330.0,330.5,323.5,327.0,15430111
2382,2026-08-19,321.5,333.5,317.5,331.0,16525261
2382,2026-08-20,330.0,333.0,325.0,327.0,12791598
2454,2026-05-04,2870.0,2870.0,2870.0,2870.0,4019865
2454,2026-05-05,3155.0,3155.0,3155.0,3155.0,10091886
2454,2026-05-06,3470.0,3470.0,3155.0,3430.0,39638460
2454,2026-05-07,3430.0,3430.0,3295.0,3420.0,8465341
2454,2026-05-08,3320.0,3670.0,3320.0,3630.0,9525653
2454,2026-05-11,3575.0,3985.0,3565.0,3880.0,8690923
2454,2026-05-12,3835.0,3910.0,3700.0,3700.0,11090404
2454,2026-05-13,3625.0,3680.0,3400.0,3495.0,9694046
2454,2026-05-14,3585.0,3590.0,3385.0,3405.0,7103890
2454,2026-05-15,3425.0,3555.0,3200.0,3260.0,7341025
2454,2026-05-18,3240.0,3550.0,3150.0,3400.0,7040537
2454,2026-05-19,3475.0,3495.0,3100.0,3155.0,10055471
2454,2026-05-20,3195.0,3350.0,3155.0,3230.0,9296108
2454,2026-05-21,3415.0,3550.0,3405.0,3550.0,5983092
2454,2026-05-22,3765.0,3880.0,3675.0,3860.0,20839466
2454,2026-05-25,4245.0,4245.0,4245.0,4245.0,4616291
2454,2026-05-26,4375.0,4440.0,4180.0,4265.0,19540872
2454,2026-05-27,4475.0,4690.0,4450.0,4640.0,18260840
2454,2026-05-28,4620.0,4685.0,4270.0,4410.0,16433052
2454,2026-05-29,4460.0,4485.0,4235.0,4310.0,23109791
2454,2026-06-01,4440.0,4710.0,4440.0,4555.0,20083897
2454,2026-06-02,4970.0,4970.0,4380.0,4525.0,15626708
2454,2026-06-03,4540.0,4650.0,4420.0,4545.0,10480184
2454,2026-06-04,4600.0,4685.0,4430.0,4430.0,11204169
2454,2026-06-05,4360.0,4430.0,4130.0,4300.0,11919031
2454,2026-06-08,3935.0,4090.0,3935.0,4070.0,16219464
2454,2026-06-09,4180.0,4475.0,4130.0,4475.0,16487210
2454,2026-06-10,4315.0,4520.0,4120.0,4155.0,17412956
2454,2026-06-11,4085.0,4150.0,3880.0,4085.0,17556610
2454,2026-06-12,4410.0,4415.0,4165.0,4180.0,8765007
2454,2026-06-15,4355.0,4545.0,4350.0,4470.0,12014769
2454,2026-06-16,4550.0,4565.0,4415.0,4560.0,11309893
2454,2026-06-17,4495.0,4535.0,4380.0,4460.0,9197868
2454,2026-06-18,4535.0,4590.0,4375.0,4390.0,12997743
2454,2026-06-22,4385.0,4565.0,4380.0,4465.0,11596124
2454,2026-06-23,4720.0,4785.0,4515.0,4535.0,18449972
2454,2026-06-24,4480.0,4515.0,4225.0,4285.0,16421271
2454,2026-06-25,4400.0,4445.0,4215.0,4310.0,10274439
2454,2026-06-26,4150.0,4185.0,3880.0,3880.0,24916481
2454,2026-06-29,3870.0,4000.0,3825.0,3910.0,11358316
2454,2026-06-30,4145.0,4300.0,4060.0,4245.0,16095233
2454,2026-07-01,4315.0,4380.0,4225.0,4335.0,10163517
2454,2026-07-02,4200.0,4380.0,4150.0,4345.0,8544133
2454,2026-07-03,4160.0,4230.0,4120.0,4195.0,12778372
2454,2026-07-06,4250.0,4325.0,4110.0,4125.0,6897420
2454,2026-07-07,4200.0,4250.0,3955.0,4030.0,9083409
2454,2026-07-08,4000.0,4040.0,3955.0,3995.0,6728233
2454,2026-07-09,3970.0,4050.0,3925.0,3925.0,7370647
2454,2026-07-13,4095.0,4095.0,3825.0,3825.0,7033208
2454,2026-07-14,3830.0,3860.0,3515.0,3660.0,12479607
2454,2026-07-15,3790.0,3790.0,3665.0,3740.0,7313796
2454,2026-07-16,3735.0,3755.0,3620.0,3700.0,6009689
2454,2026-07-17,3470.0,3570.0,3370.0,3370.0,10967157
2454,2026-07-20,3355.0,3435.0,3240.0,3340.0,9227986
2454,2026-07-21,3435.0,3670.0,3410.0,3670.0,7741511
2454,2026-07-22,4000.0,4000.0,3830.0,3850.0,13766807
2454,2026-07-23,3950.0,4050.0,3850.0,3875.0,8514494
2454,2026-07-24,3805.0,4010.0,3750.0,3750.0,8980102
2454,2026-07-27,3655.0,3710.0,3525.0,3680.0,9134283
2454,2026-07-28,3425.0,3460.0,3315.0,3315.0,11958794
2454,2026-07-29,3315.0,3335.0,2990.0,3150.0,16174122
2454,2026-07-30,3145.0,3410.0,3060.0,3235.0,14125689
2454,2026-07-31,3555.0,3555.0,3555.0,3555.0,4033014
2454,2026-08-03,3910.0,3910.0,3780.0,3910.0,7516212
2454,2026-08-04,4095.0,4095.0,3800.0,3865.0,17318591
2454,2026-08-05,4095.0,4125.0,3980.0,4000.0,12935125
2454,2026-08-06,4100.0,4100.0,3905.0,3920.0,7213332
2454,2026-08-07,3990.0,4010.0,3825.0,3900.0,6607003
2454,2026-08-10,3920.0,3995.0,3915.0,3960.0,5872851
2454,2026-08-11,3900.0,4050.0,3810.0,4020.0,7709240
2454,2026-08-12,3950.0,4030.0,3950.0,4015.0,6018155
2454,2026-08-13,4130.0,4295.0,4115.0,4225.0,12263926
2454,2026-08-14,4400.0,4400.0,4205.0,4210.0,10696134
2454,2026-08-17,4205.0,4225.0,4025.0,4050.0,10559715
2454,2026-08-18,4020.0,4050.0,3885.0,3885.0,9323808
2454,2026-08-19,3750.0,3910.0,3750.0,3845.0,7036521
2454,2026-08-20,3820.0,3870.0,3675.0,3700.0,13213952
2891,2026-05-04,53.0,53.3,52.6,52.9,45601590
2891,2026-05-05,53.3,54.4,52.8,53.5,56231261
2891,2026-05-06,54.4,55.2,54.2,54.7,68048483
2891,2026-05-07,55.0,56.5,54.9,56.2,77423940
2891,2026-05-08,57.0,57.0,55.6,56.4,56787112
2891,2026-05-11,56.0,56.0,54.7,55.3,50449302
2891,2026-05-12,54.9,54.9,53.5,53.5,89185505
2891,2026-05-13,53.5,55.3,53.5,54.9,56703402
2891,2026-05-14,54.4,55.9,54.4,54.8,39236138
2891,2026-05-15,55.1,55.6,54.7,54.8,36032190
2891,2026-05-18,55.0,55.4,54.4,54.8,30347395
2891,2026-05-19,55.3,56.6,54.9,55.4,60742665
2891,2026-05-20,56.4,58.0,55.6,57.8,114703217
2891,2026-05-21,57.9,58.6,57.2,57.5,72093148
2891,2026-05-22,57.5,58.2,57.2,57.6,37279590
2891,2026-05-25,58.2,58.2,57.0,57.3,46056452
2891,2026-05-26,57.3,58.7,57.3,57.6,51792760
2891,2026-05-27,58.5,60.2,57.6,59.2,65196446
2891,2026-05-28,58.6,60.8,58.6,59.3,69083306
2891,2026-05-29,59.4,61.4,59.4,60.5,113545993
2891,2026-06-01,60.5,62.6,60.5,62.1,43910039
2891,2026-06-02,62.0,64.4,61.8,64.1,70381891
2891,2026-06-03,65.4,70.5,64.3,70.5,84076949
2891,2026-06-04,68.0,69.2,66.0,68.0,97008090
2891,2026-06-05,66.3,68.0,66.0,66.6,63844979
2891,2026-06-08,65.2,66.9,64.5,65.4,46262357
2891,2026-06-09,64.8,69.5,64.8,69.2,53708919
2891,2026-06-10,68.3,68.7,67.1,68.2,63864184
2891,2026-06-11,68.5,68.5,66.5,67.5,63717773
2891,2026-06-12,67.8,69.2,66.9,67.6,83389953
2891,2026-06-15,71.7,72.6,69.0,70.1,42928285
2891,2026-06-16,70.4,71.7,69.6,70.8,40981294
2891,2026-06-17,70.7,72.7,69.9,71.0,36670620
2891,2026-06-18,71.3,72.7,70.9,71.9,59339401
2891,2026-06-22,71.9,71.9,70.1,70.5,52760387
2891,2026-06-23,70.3,73.6,70.3,72.4,62355320
2891,2026-06-24,71.5,72.0,69.9,69.9,53286650
2891,2026-06-25,69.9,71.2,69.8,70.6,38035136
2891,2026-06-26,70.5,71.0,69.9,70.3,43250077
2891,2026-06-29,71.3,71.8,69.7,70.3,40574544
2891,2026-06-30,70.9,71.5,69.8,71.0,48564978
2891,2026-07-01,71.6,72.2,70.1,70.6,49008303
2891,2026-07-02,71.1,71.8,69.7,69.9,51374867
2891,2026-07-03,69.8,71.4,69.7,70.6,40938670
2891,2026-07-06,71.0,72.0,70.7,71.4,31967629
2891,2026-07-07,71.3,72.2,70.2,70.2,57622759
2891,2026-07-08,71.2,71.3,69.8,71.3,54774917
2891,2026-07-09,71.7,71.7,69.9,69.9,59414195
2891,2026-07-13,70.1,70.2,66.1,66.5,108347523
2891,2026-07-14,67.5,67.5,63.5,65.0,80377413
2891,2026-07-15,64.6,65.3,62.9,63.5,79455534
2891,2026-07-16,63.5,64.0,62.5,63.0,50699897
2891,2026-07-17,62.8,62.9,61.3,62.1,85999991
2891,2026-07-20,62.4,62.5,60.7,61.5,69848055
2891,2026-07-21,61.5,63.3,61.2,62.7,50351669
2891,2026-07-22,62.9,64.3,62.9,64.0,35795208
2891,2026-07-23,64.8,64.8,62.4,63.5,35051644
2891,2026-07-24,62.8,64.0,62.8,63.6,16215569
2891,2026-07-27,63.6,63.6,62.5,63.0,27427449
2891,2026-07-28,62.6,63.2,61.9,62.4,40111126
2891,2026-07-29,63.5,63.5,60.8,62.0,54831229
2891,2026-07-30,62.7,63.2,61.0,63.1,43842809
2891,2026-07-31,64.5,65.5,63.6,64.9,48156570
2891,2026-08-03,64.0,65.8,63.8,64.8,40197340
2891,2026-08-04,65.0,65.5,64.3,64.8,43740149
2891,2026-08-05,65.1,66.7,65.1,66.0,33164030
2891,2026-08-06,65.1,66.4,64.6,64.6,36364094
2891,2026-08-07,65.7,65.7,64.7,65.6,16259888
2891,2026-08-10,65.8,66.5,64.9,66.5,22731119
2891,2026-08-11,67.0,67.3,66.3,66.8,28839763
2891,2026-08-12,66.3,67.0,65.5,66.6,39347639
2891,2026-08-13,66.3,66.5,65.2,66.5,27983908
2891,2026-08-14,66.9,67.2,65.2,65.8,26085471
2891,2026-08-17,66.3,66.3,65.2,65.6,26449448
2891,2026-08-18,66.2,66.5,65.9,66.5,26516862
2891,2026-08-19,66.4,66.4,64.7,64.9,34561497
2891,2026-08-20,65.0,65.2,62.1,63.4,60861192
3037,2026-05-04,912.0,920.0,862.0,911.0,43775340
3037,2026-05-05,899.0,948.0,893.0,903.0,28445776
3037,2026-05-06,908.0,928.0,846.0,858.0,44744339
3037,2026-05-07,875.0,905.0,862.0,896.0,26519253
3037,2026-05-08,871.0,872.0,808.0,818.0,36009716
3037,2026-05-11,830.0,889.0,822.0,861.0,28324275
3037,2026-05-12,904.0,926.0,872.0,875.0,30082205
3037,2026-05-13,853.0,903.0,853.0,892.0,26722633
3037,2026-05-14,910.0,918.0,879.0,881.0,29924774
3037,2026-05-15,901.0,902.0,814.0,821.0,31599903
3037,2026-05-18,791.0,818.0,776.0,816.0,21413916
3037,2026-05-19,821.0,860.0,808.0,818.0,23542123
3037,2026-05-20,819.0,830.0,793.0,823.0,21306136
3037,2026-05-21,870.0,905.0,868.0,905.0,32618917
3037,2026-05-22,932.0,986.0,931.0,970.0,42132962
3037,2026-05-25,1020.0,1030.0,978.0,990.0,24465071
3037,2026-05-26,992.0,1085.0,989.0,1085.0,34270461
3037,2026-05-27,1105.0,1110.0,1045.0,1080.0,27365393
3037,2026-05-28,1125.0,1130.0,1000.0,1025.0,25166670
3037,2026-05-29,1090.0,1095.0,1035.0,1055.0,21107426
3037,2026-06-01,1070.0,1100.0,1025.0,1050.0,19127603
3037,2026-06-02,1050.0,1050.0,950.0,975.0,29360754
3037,2026-06-03,976.0,1010.0,964.0,1000.0,19513439
3037,2026-06-04,977.0,1005.0,970.0,971.0,13760914
3037,2026-06-05,950.0,969.0,890.0,933.0,26076886
3037,2026-06-08,840.0,925.0,840.0,911.0,25312312
3037,2026-06-09,950.0,972.0,920.0,969.0,23269699
3037,2026-06-10,938.0,960.0,875.0,884.0,26494510
3037,2026-06-11,884.0,906.0,811.0,854.0,27061060
3037,2026-06-12,922.0,930.0,890.0,902.0,15944333
3037,2026-06-15,948.0,961.0,920.0,960.0,16599358
3037,2026-06-16,986.0,1005.0,965.0,981.0,20022281
3037,2026-06-17,970.0,1010.0,965.0,988.0,18169059
3037,2026-06-18,1000.0,1005.0,965.0,968.0,21005907
3037,2026-06-22,999.0,1055.0,992.0,1005.0,27784024
3037,2026-06-23,1000.0,1075.0,974.0,974.0,26622491
3037,2026-06-24,938.0,952.0,916.0,931.0,27122991
3037,2026-06-25,949.0,1020.0,944.0,1020.0,34425108
3037,2026-06-26,1000.0,1090.0,964.0,975.0,77949761
3037,2026-06-29,999.0,1010.0,950.0,976.0,28369251
3037,2026-06-30,1015.0,1070.0,1010.0,1070.0,33861853
3037,2026-07-01,1085.0,1115.0,1035.0,1040.0,33357506
3037,2026-07-02,998.0,1015.0,978.0,979.0,28769154
3037,2026-07-03,945.0,982.0,926.0,969.0,19183211
3037,2026-07-06,972.0,972.0,897.0,917.0,24878605
3037,2026-07-07,880.0,901.0,836.0,840.0,44703256
3037,2026-07-08,856.0,882.0,843.0,863.0,33631297
3037,2026-07-09,890.0,925.0,867.0,875.0,33401581
3037,2026-07-13,921.0,948.0,892.0,903.0,33722307
3037,2026-07-14,896.0,914.0,826.0,874.0,28345812
3037,2026-07-15,882.0,960.0,870.0,936.0,37778377
3037,2026-07-16,911.0,915.0,872.0,882.0,27974533
3037,2026-07-17,809.0,842.0,794.0,794.0,30076422
3037,2026-07-20,778.0,812.0,747.0,750.0,30661875
3037,2026-07-21,785.0,825.0,775.0,825.0,18816207
3037,2026-07-22,876.0,907.0,876.0,907.0,25034100
3037,2026-07-23,915.0,918.0,872.0,896.0,27135078
3037,2026-07-24,880.0,892.0,825.0,839.0,19813146
3037,2026-07-27,850.0,854.0,804.0,848.0,15654238
3037,2026-07-28,791.0,792.0,764.0,764.0,18182748
3037,2026-07-29,785.0,786.0,688.0,688.0,30987156
3037,2026-07-30,670.0,756.0,653.0,716.0,51045032
3037,2026-07-31,787.0,787.0,787.0,787.0,3163252
3037,2026-08-03,842.0,865.0,842.0,865.0,22551444
3037,2026-08-04,878.0,948.0,873.0,924.0,54032638
3037,2026-08-05,1005.0,1010.0,962.0,969.0,44514982
3037,2026-08-06,958.0,995.0,928.0,973.0,25817573
3037,2026-08-07,986.0,999.0,942.0,955.0,21596279
3037,2026-08-10,979.0,995.0,976.0,992.0,7464140
3037,2026-08-11,988.0,995.0,972.0,992.0,5181158
3037,2026-08-12,999.0,1010.0,990.0,1000.0,8196771
3037,2026-08-13,1045.0,1045.0,976.0,1000.0,8899504
3037,2026-08-14,1020.0,1025.0,995.0,1020.0,9634898
3037,2026-08-17,1045.0,1120.0,1035.0,1120.0,53834958
3037,2026-08-18,1130.0,1200.0,1115.0,1145.0,38561591
3037,2026-08-19,1110.0,1165.0,1085.0,1130.0,24496587
3037,2026-08-20,1165.0,1165.0,1085.0,1140.0,16346229
3231,2026-05-04,138.5,141.0,138.0,140.5,23500802
3231,2026-05-05,140.5,142.5,139.0,142.0,24899321
3231,2026-05-06,143.5,146.5,142.5,146.5,71828870
3231,2026-05-07,148.5,149.0,143.5,146.0,43321585
3231,2026-05-08,146.0,149.0,143.5,146.5,44206588
3231,2026-05-11,147.0,147.0,138.0,139.0,114217157
3231,2026-05-12,139.0,143.0,135.5,141.5,75965973
3231,2026-05-13,139.0,141.5,138.0,140.5,26883326
3231,2026-05-14,140.5,141.5,138.0,138.0,42377535
3231,2026-05-15,139.5,144.0,135.0,135.5,67278955
3231,2026-05-18,135.0,136.5,132.0,135.5,29121539
3231,2026-05-19,135.5,136.0,132.5,132.5,25581469
3231,2026-05-20,134.0,135.5,132.0,132.5,20642900
3231,2026-05-21,134.5,141.5,134.0,140.0,53678775
3231,2026-05-22,142.5,146.0,139.5,144.5,70277790
3231,2026-05-25,148.5,150.5,147.0,149.0,70126881
3231,2026-05-26,149.5,149.5,145.5,146.0,35795574
3231,2026-05-27,147.5,148.5,143.5,145.0,37563298
3231,2026-05-28,146.0,149.0,143.0,144.5,41753832
3231,2026-05-29,154.0,158.5,153.0,158.5,114139019
3231,2026-06-01,174.0,174.0,172.5,174.0,94609409
3231,2026-06-02,179.0,191.0,177.0,191.0,282187864
3231,2026-06-03,193.0,201.0,188.0,194.0,175481303
3231,2026-06-04,188.0,189.0,176.0,176.0,128624056
3231,2026-06-05,172.5,174.0,165.5,171.0,75786051
3231,2026-06-08,156.0,163.5,156.0,163.5,71040675
3231,2026-06-09,166.0,168.5,163.0,165.5,64817452
3231,2026-06-10,162.5,165.0,158.0,158.0,42514909
3231,2026-06-11,157.0,159.0,150.5,152.5,55231062
3231,2026-06-12,159.0,159.0,156.0,156.0,38077913
3231,2026-06-15,162.0,166.0,158.5,161.5,46483201
3231,2026-06-16,162.0,162.0,158.0,158.0,31462271
3231,2026-06-17,158.5,164.5,158.0,162.5,49733205
3231,2026-06-18,162.0,163.5,160.5,161.5,45633029
3231,2026-06-22,164.5,166.0,161.5,162.5,45905638
3231,2026-06-23,163.0,163.5,158.0,158.5,46744847
3231,2026-06-24,156.5,159.5,155.0,157.5,30028729
3231,2026-06-25,159.5,162.0,156.5,160.0,42348647
3231,2026-06-26,159.0,159.0,153.0,153.0,43076438
3231,2026-06-29,154.0,158.0,153.5,154.5,27017688
3231,2026-06-30,157.5,160.0,156.0,158.5,27371856
3231,2026-07-01,161.0,162.0,159.0,159.5,37036945
3231,2026-07-02,157.0,160.0,156.0,158.5,17411425
3231,2026-07-03,157.5,161.5,157.5,159.0,24768914
3231,2026-07-06,161.0,162.0,157.5,158.0,26189698
3231,2026-07-07,158.5,159.5,155.5,155.5,34773345
3231,2026-07-08,150.0,152.0,145.0,146.5,59256833
3231,2026-07-09,147.0,148.0,144.5,144.5,29080046
3231,2026-07-13,147.0,148.0,142.5,143.5,27031128
3231,2026-07-14,144.0,145.0,139.0,142.5,27925626
3231,2026-07-15,144.0,146.5,142.5,145.5,26071700
3231,2026-07-16,144.5,148.0,143.0,146.5,30591982
3231,2026-07-17,144.0,144.5,139.0,139.0,38762694
3231,2026-07-20,142.0,147.0,141.5,143.5,51717481
3231,2026-07-21,145.0,150.5,144.5,149.5,36192970
3231,2026-07-22,154.0,164.0,153.5,164.0,94856772
3231,2026-07-23,168.0,179.5,165.5,173.5,218008949
3231,2026-07-24,175.0,184.0,173.0,179.0,179841065
3231,2026-07-27,180.0,180.5,167.5,177.0,109006063
3231,2026-07-28,168.0,177.5,167.0,170.0,83361429
3231,2026-07-29,173.0,178.5,164.0,169.5,155521276
3231,2026-07-30,170.0,170.5,157.5,160.0,82602193
3231,2026-07-31,176.0,176.0,165.5,176.0,138686721
3231,2026-08-03,172.5,188.0,169.5,186.0,162427285
3231,2026-08-04,186.5,198.0,183.0,195.0,153901367
3231,2026-08-05,198.0,202.5,190.0,193.0,206766416
3231,2026-08-06,193.5,199.0,188.0,189.5,83293423
3231,2026-08-07,188.0,188.0,180.5,183.5,65415961
3231,2026-08-10,185.5,193.5,184.5,193.0,69635753
3231,2026-08-11,190.0,193.5,188.0,191.0,34518451
3231,2026-08-12,189.5,195.0,189.0,193.5,43108701
3231,2026-08-13,196.0,199.5,193.5,197.0,72282415
3231,2026-08-14,198.0,206.0,193.0,193.5,94749279
3231,2026-08-17,193.5,193.5,184.5,187.0,51873498
3231,2026-08-18,186.5,187.0,179.0,181.0,39193616
3231,2026-08-19,177.0,182.0,175.0,182.0,28162708
3231,2026-08-20,183.5,184.0,177.0,180.0,33489412
3661,2026-05-04,4290.0,4340.0,4135.0,4250.0,2805978
3661,2026-05-05,4260.0,4270.0,4095.0,4150.0,1855207
3661,2026-05-06,4270.0,4565.0,4150.0,4565.0,3304638
3661,2026-05-07,4770.0,4870.0,4635.0,4795.0,3079780
3661,2026-05-08,4805.0,5000.0,4680.0,4890.0,3239543
3661,2026-05-11,5200.0,5375.0,5180.0,5375.0,1273298
3661,2026-05-12,5555.0,5640.0,5300.0,5310.0,3189056
3661,2026-05-13,5115.0,5135.0,4780.0,4780.0,3657852
3661,2026-05-14,4870.0,5005.0,4720.0,4830.0,3193261
3661,2026-05-15,4990.0,5010.0,4595.0,4605.0,2725430
3661,2026-05-18,4450.0,4600.0,4340.0,4590.0,1956487
3661,2026-05-19,4420.0,4615.0,4410.0,4430.0,1403403
3661,2026-05-20,4515.0,4670.0,4455.0,4600.0,2202342
3661,2026-05-21,5000.0,5050.0,4850.0,4905.0,1718931
3661,2026-05-22,4955.0,4960.0,4750.0,4895.0,1648310
3661,2026-05-25,5020.0,5050.0,4900.0,4900.0,1584407
3661,2026-05-26,4945.0,4955.0,4640.0,4640.0,1916456
3661,2026-05-27,4785.0,4845.0,4460.0,4500.0,2528669
3661,2026-05-28,4530.0,4575.0,4230.0,4300.0,2420551
3661,2026-05-29,4470.0,4575.0,4315.0,4415.0,2199066
3661,2026-06-01,4485.0,4855.0,4450.0,4855.0,2425118
3661,2026-06-02,4870.0,4870.0,4500.0,4575.0,2077361
3661,2026-06-03,4600.0,4685.0,4530.0,4595.0,1171299
3661,2026-06-04,4530.0,4555.0,4335.0,4340.0,1544304
3661,2026-06-05,4325.0,4440.0,4135.0,4285.0,1623019
3661,2026-06-08,3900.0,4180.0,3895.0,4170.0,1491317
3661,2026-06-09,4185.0,4265.0,4115.0,4250.0,1261033
3661,2026-06-10,4250.0,4270.0,4015.0,4040.0,1473935
3661,2026-06-11,4000.0,4065.0,3850.0,4060.0,2101750
3661,2026-06-12,4295.0,4295.0,4105.0,4105.0,1326879
3661,2026-06-15,4280.0,4380.0,4240.0,4250.0,1292083
3661,2026-06-16,4335.0,4335.0,4225.0,4315.0,1281011
3661,2026-06-17,4265.0,4385.0,4195.0,4320.0,1603605
3661,2026-06-18,4320.0,4530.0,4270.0,4380.0,2341823
3661,2026-06-22,4510.0,4580.0,4285.0,4325.0,2381897
3661,2026-06-23,4410.0,4525.0,4215.0,4375.0,2239314
3661,2026-06-24,4315.0,4345.0,4220.0,4330.0,1230751
3661,2026-06-25,4350.0,4460.0,4135.0,4230.0,2081103
3661,2026-06-26,4135.0,4170.0,3870.0,3870.0,2691066
3661,2026-06-29,3900.0,4015.0,3890.0,3985.0,1290876
3661,2026-06-30,4150.0,4325.0,4050.0,4180.0,1874730
3661,2026-07-01,4200.0,4455.0,4175.0,4450.0,1831360
3661,2026-07-02,4300.0,4895.0,4280.0,4895.0,4409997
3661,2026-07-03,4880.0,4890.0,4630.0,4650.0,2935747
3661,2026-07-06,4700.0,4700.0,4210.0,4215.0,2252744
3661,2026-07-07,4250.0,4360.0,4025.0,4035.0,1867282
3661,2026-07-08,4085.0,4085.0,3965.0,4065.0,1621563
3661,2026-07-09,4105.0,4360.0,4105.0,4210.0,1517028
3661,2026-07-13,4230.0,4300.0,4090.0,4135.0,1516848
3661,2026-07-14,4090.0,4100.0,3725.0,3725.0,3381802
3661,2026-07-15,3750.0,3785.0,3625.0,3735.0,2788708
3661,2026-07-16,3700.0,3820.0,3650.0,3770.0,1547816
3661,2026-07-17,3585.0,3655.0,3480.0,3480.0,2162718
3661,2026-07-20,3480.0,3500.0,3245.0,3365.0,2061321
3661,2026-07-21,3450.0,3550.0,3405.0,3490.0,1468143
3661,2026-07-22,3645.0,3720.0,3580.0,3590.0,1558375
3661,2026-07-23,3590.0,3630.0,3495.0,3510.0,1286302
3661,2026-07-24,3420.0,3565.0,3380.0,3405.0,1727518
3661,2026-07-27,3385.0,3470.0,3285.0,3460.0,1458503
3661,2026-07-28,3255.0,3255.0,3115.0,3115.0,1945551
3661,2026-07-29,3000.0,3055.0,2805.0,2805.0,3146953
3661,2026-07-30,2680.0,2975.0,2630.0,2785.0,3156750
3661,2026-07-31,3060.0,3060.0,2945.0,3060.0,3250005
3661,2026-08-03,3070.0,3275.0,3050.0,3250.0,1969529
3661,2026-08-04,3265.0,3410.0,3200.0,3390.0,1610365
3661,2026-08-05,3550.0,3700.0,3490.0,3610.0,2014461
3661,2026-08-06,3620.0,3720.0,3580.0,3660.0,1788180
3661,2026-08-07,3665.0,3845.0,3605.0,3715.0,2277767
3661,2026-08-10,3850.0,3955.0,3665.0,3800.0,3273476
3661,2026-08-11,4000.0,4150.0,3925.0,3955.0,4658914
3661,2026-08-12,3960.0,4100.0,3950.0,4055.0,2029574
3661,2026-08-13,4100.0,4225.0,4090.0,4190.0,2869332
3661,2026-08-14,4225.0,4530.0,4180.0,4210.0,3601132
3661,2026-08-17,4350.0,4490.0,4060.0,4060.0,4619421
3661,2026-08-18,4105.0,4135.0,3680.0,3715.0,3983342
3661,2026-08-19,3585.0,3730.0,3585.0,3630.0,1950747
3661,2026-08-20,3690.0,3815.0,3655.0,3750.0,1902380
6669,2026-05-04,4700.0,4865.0,4615.0,4860.0,2475286
6669,2026-05-05,4855.0,4860.0,4670.0,4755.0,2117538
6669,2026-05-06,4855.0,4985.0,4630.0,4970.0,2694820
6669,2026-05-07,5050.0,5060.0,4870.0,4880.0,2032564
6669,2026-05-08,4920.0,5250.0,4890.0,5200.0,4060772
6669,2026-05-11,5290.0,5345.0,5115.0,5340.0,2206874
6669,2026-05-12,5480.0,5870.0,5415.0,5790.0,4213573
6669,2026-05-13,5555.0,5800.0,5500.0,5580.0,2928103
6669,2026-05-14,5715.0,5730.0,5435.0,5435.0,1749793
6669,2026-05-15,5575.0,5575.0,5095.0,5115.0,2346755
6669,2026-05-18,4920.0,5110.0,4920.0,5090.0,1405003
6669,2026-05-19,5020.0,5035.0,4865.0,4890.0,1652246
6669,2026-05-20,4890.0,4960.0,4775.0,4910.0,1739872
6669,2026-05-21,5350.0,5400.0,5190.0,5345.0,2379159
6669,2026-05-22,5460.0,5575.0,5330.0,5525.0,1969769
6669,2026-05-25,5755.0,5880.0,5555.0,5610.0,2115890
6669,2026-05-26,5600.0,5600.0,5155.0,5280.0,2655826
6669,2026-05-27,5300.0,5350.0,5060.0,5075.0,1997850
6669,2026-05-28,5100.0,5260.0,4900.0,4950.0,2157834
6669,2026-05-29,5130.0,5445.0,5075.0,5445.0,3282663
6669,2026-06-01,5715.0,5795.0,5460.0,5515.0,2252805
6669,2026-06-02,5580.0,5675.0,5315.0,5475.0,1953015
6669,2026-06-03,5550.0,5675.0,5420.0,5600.0,1716435
6669,2026-06-04,5515.0,5720.0,5380.0,5570.0,1704775
6669,2026-06-05,5540.0,5740.0,5305.0,5660.0,2033000
6669,2026-06-08,5200.0,5330.0,5135.0,5275.0,1928576
6669,2026-06-09,5310.0,5380.0,5210.0,5300.0,1369099
6669,2026-06-10,5350.0,5350.0,5020.0,5065.0,2174689
6669,2026-06-11,5000.0,5040.0,4745.0,4900.0,2945125
6669,2026-06-12,5120.0,5135.0,4845.0,4850.0,1921274
6669,2026-06-15,5010.0,5040.0,4880.0,4900.0,1005218
6669,2026-06-16,5030.0,5085.0,4880.0,4880.0,1814616
6669,2026-06-17,4880.0,5085.0,4805.0,5080.0,1225155
6669,2026-06-18,5150.0,5250.0,5085.0,5130.0,1753502
6669,2026-06-22,4985.0,4990.0,4855.0,4855.0,2000502
6669,2026-06-23,4930.0,4930.0,4675.0,4675.0,1983076
6669,2026-06-24,4600.0,4645.0,4530.0,4605.0,1385092
6669,2026-06-25,4655.0,4745.0,4535.0,4545.0,1366220
6669,2026-06-26,4485.0,4505.0,4250.0,4280.0,1720890
6669,2026-06-29,4350.0,4705.0,4335.0,4580.0,1872365
6669,2026-06-30,4695.0,4720.0,4520.0,4635.0,1995332
6669,2026-07-01,4740.0,5050.0,4655.0,5035.0,2872601
6669,2026-07-02,4905.0,5200.0,4865.0,5200.0,2817565
6669,2026-07-03,5180.0,5280.0,5110.0,5265.0,1563793
6669,2026-07-06,5325.0,5325.0,4995.0,5035.0,1255424
6669,2026-07-07,5025.0,5235.0,5010.0,5015.0,2201738
6669,2026-07-08,5075.0,5085.0,4900.0,5050.0,1002340
6669,2026-07-09,5020.0,5215.0,4945.0,5040.0,2293598
6669,2026-07-13,5170.0,5230.0,4940.0,4960.0,1106711
6669,2026-07-14,4930.0,4985.0,4755.0,4905.0,1096965
6669,2026-07-15,4950.0,5160.0,4870.0,5095.0,931011
6669,2026-07-16,5090.0,5130.0,5000.0,5115.0,638034
6669,2026-07-17,4900.0,4995.0,4620.0,4620.0,1627532
6669,2026-07-20,4725.0,4845.0,4635.0,4685.0,1414812
6669,2026-07-21,4825.0,5045.0,4825.0,5000.0,1129418
6669,2026-07-22,5195.0,5500.0,5145.0,5500.0,3846206
6669,2026-07-23,5470.0,5675.0,5410.0,5470.0,2391713
6669,2026-07-24,5395.0,5835.0,5375.0,5730.0,3046640
6669,2026-07-27,5700.0,5780.0,5480.0,5745.0,1821304
6669,2026-07-28,5455.0,5540.0,5280.0,5315.0,1907626
6669,2026-07-29,5430.0,5475.0,4940.0,5135.0,2854613
6669,2026-07-30,5055.0,5185.0,4865.0,4900.0,2283686
6669,2026-07-31,5390.0,5390.0,5300.0,5390.0,1458695
6669,2026-08-03,5530.0,5925.0,5475.0,5925.0,3349246
6669,2026-08-04,5935.0,6385.0,5800.0,6205.0,2967872
6669,2026-08-05,6265.0,6400.0,6130.0,6175.0,2205262
6669,2026-08-06,6160.0,6275.0,6050.0,6265.0,1342305
6669,2026-08-07,6155.0,6265.0,6025.0,6100.0,1427158
6669,2026-08-10,6215.0,6225.0,5990.0,6010.0,1653053
6669,2026-08-11,6040.0,6050.0,5855.0,5930.0,1723431
6669,2026-08-12,5905.0,6140.0,5900.0,6025.0,1113635
6669,2026-08-13,6095.0,6195.0,6020.0,6070.0,1340105
6669,2026-08-14,6145.0,6650.0,6140.0,6435.0,2596938
6669,2026-08-17,6585.0,6740.0,6420.0,6620.0,1483462
6669,2026-08-18,6595.0,6650.0,6285.0,6400.0,1657408
6669,2026-08-19,6190.0,6425.0,6190.0,6375.0,1289214
6669,2026-08-20,6435.0,6475.0,6245.0,6325.0,955211
